x,y
0,1
0.1,1
0.2,0.9996
0.3,0.998802
0.4,0.997607
0.5,0.996017
0.6,0.994034
0.7,0.991661
0.8,0.9889
0.9,0.985754
1,0.982224
1.1,0.978314
1.2,0.974027
1.3,0.969366
1.4,0.964333
1.5,0.958934
1.6,0.95317
1.7,0.947045
1.8,0.940564
1.9,0.93373
2,0.926547
2.1,0.919019
2.2,0.91115
2.3,0.902946
2.4,0.89441
2.5,0.885547
2.6,0.876361
2.7,0.866858
2.8,0.857043
2.9,0.84692
3,0.836495
3.1,0.825772
3.2,0.814758
3.3,0.803458
3.4,0.791877
3.5,0.780021
3.6,0.767896
3.7,0.755507
3.8,0.74286
3.9,0.729962
4,0.716818
4.1,0.703435
4.2,0.689819
4.3,0.675976
4.4,0.661912
4.5,0.647634
4.6,0.633149
4.7,0.618462
4.8,0.603581
4.9,0.588512
5,0.573262
5.1,0.557837
5.2,0.542245
5.3,0.526492
5.4,0.510585
5.5,0.494532
5.6,0.478338
5.7,0.462011
5.8,0.445558
5.9,0.428986
6,0.412302
6.1,0.395514
6.2,0.378627
6.3,0.36165
6.4,0.34459
6.5,0.327453
6.6,0.310246
6.7,0.292978
6.8,0.275654
6.9,0.258283
7,0.240871
7.1,0.223425
7.2,0.205952
7.3,0.18846
7.4,0.170956
7.5,0.153446
7.6,0.135938
7.7,0.118439
7.8,0.100955
7.9,0.0834941
8,0.0660624
8.1,0.048667
8.2,0.0313148
8.3,0.0140125
8.4,-0.00323316
8.5,-0.0204154
8.6,-0.0375276
8.7,-0.0545632
8.8,-0.0715157
8.9,-0.0883785
9,-0.105145
9.1,-0.12181
9.2,-0.138365
9.3,-0.154806
9.4,-0.171125
9.5,-0.187318
9.6,-0.203377
9.7,-0.219297
9.8,-0.235072
9.9,-0.250696
10,-0.266164
10.1,-0.281469
10.2,-0.296607
10.3,-0.311571
10.4,-0.326358
10.5,-0.34096
10.6,-0.355373
10.7,-0.369593
10.8,-0.383613
10.9,-0.397429
11,-0.411037
11.1,-0.424432
11.2,-0.437608
11.3,-0.450562
11.4,-0.463289
11.5,-0.475785
11.6,-0.488045
11.7,-0.500066
11.8,-0.511844
11.9,-0.523375
12,-0.534655
12.1,-0.54568
12.2,-0.556448
12.3,-0.566954
12.4,-0.577195
12.5,-0.587169
12.6,-0.596872
12.7,-0.606301
12.8,-0.615454
12.9,-0.624328
13,-0.63292
13.1,-0.641228
13.2,-0.649249
13.3,-0.656982
13.4,-0.664425
13.5,-0.671575
13.6,-0.67843
13.7,-0.684989
13.8,-0.691251
13.9,-0.697214
14,-0.702876
14.1,-0.708237
14.2,-0.713295
14.3,-0.71805
14.4,-0.7225
14.5,-0.726645
14.6,-0.730485
14.7,-0.734019
14.8,-0.737246
14.9,-0.740167
15,-0.742782
15.1,-0.745089
15.2,-0.747091
15.3,-0.748786
15.4,-0.750176
15.5,-0.751261
15.6,-0.752041
15.7,-0.752518
15.8,-0.752691
15.9,-0.752564
16,-0.752135
16.1,-0.751408
16.2,-0.750382
16.3,-0.74906
16.4,-0.747443
16.5,-0.745533
16.6,-0.743332
16.7,-0.740841
16.8,-0.738063
16.9,-0.734999
17,-0.731653
17.1,-0.728026
17.2,-0.724121
17.3,-0.71994
17.4,-0.715487
17.5,-0.710763
17.6,-0.705772
17.7,-0.700516
17.8,-0.694999
17.9,-0.689225
18,-0.683195
18.1,-0.676913
18.2,-0.670384
18.3,-0.66361
18.4,-0.656595
18.5,-0.649342
18.6,-0.641856
18.7,-0.63414
18.8,-0.626198
18.9,-0.618034
19,-0.609652
19.1,-0.601057
19.2,-0.592252
19.3,-0.583242
19.4,-0.574032
19.5,-0.564624
19.6,-0.555025
19.7,-0.545238
19.8,-0.535269
19.9,-0.525121
20,-0.5148
20.1,-0.50431
20.2,-0.493655
20.3,-0.482842
20.4,-0.471875
20.5,-0.460758
20.6,-0.449497
20.7,-0.438097
20.8,-0.426563
20.9,-0.414899
21,-0.403112
21.1,-0.391206
21.2,-0.379186
21.3,-0.367058
21.4,-0.354826
21.5,-0.342497
21.6,-0.330075
21.7,-0.317566
21.8,-0.304974
21.9,-0.292306
22,-0.279567
22.1,-0.266762
22.2,-0.253896
22.3,-0.240975
22.4,-0.228004
22.5,-0.214989
22.6,-0.201934
22.7,-0.188846
22.8,-0.175729
22.9,-0.162589
23,-0.149432
23.1,-0.136262
23.2,-0.123085
23.3,-0.109906
23.4,-0.0967305
23.5,-0.0835639
23.6,-0.0704112
23.7,-0.0572777
23.8,-0.0441686
23.9,-0.031089
24,-0.0180441
24.1,-0.00503892
24.2,0.00792147
24.3,0.020832
24.4,0.0336878
24.5,0.0464838
24.6,0.0592151
24.7,0.0718769
24.8,0.0844644
24.9,0.0969728
25,0.109397
25.1,0.121733
25.2,0.133976
25.3,0.146122
25.4,0.158165
25.5,0.170101
25.6,0.181927
25.7,0.193637
25.8,0.205228
25.9,0.216694
26,0.228033
26.1,0.23924
26.2,0.25031
26.3,0.261241
26.4,0.272028
26.5,0.282667
26.6,0.293155
26.7,0.303488
26.8,0.313662
26.9,0.323674
27,0.333521
27.1,0.343199
27.2,0.352705
27.3,0.362035
27.4,0.371187
27.5,0.380157
27.6,0.388944
27.7,0.397543
27.8,0.405952
27.9,0.414168
28,0.422189
28.1,0.430012
28.2,0.437636
28.3,0.445056
28.4,0.452272
28.5,0.459281
28.6,0.466081
28.7,0.472671
28.8,0.479047
28.9,0.485209
29,0.491154
29.1,0.496882
29.2,0.50239
29.3,0.507678
29.4,0.512743
29.5,0.517586
29.6,0.522203
29.7,0.526595
29.8,0.530761
29.9,0.534699
30,0.53841
30.1,0.541891
30.2,0.545144
30.3,0.548166
30.4,0.550959
30.5,0.553521
30.6,0.555852
30.7,0.557953
30.8,0.559822
30.9,0.561462
31,0.56287
31.1,0.564049
31.2,0.564997
31.3,0.565717
31.4,0.566207
31.5,0.566469
31.6,0.566504
31.7,0.566312
31.8,0.565894
31.9,0.565251
32,0.564384
32.1,0.563295
32.2,0.561984
32.3,0.560453
32.4,0.558704
32.5,0.556737
32.6,0.554555
32.7,0.552159
32.8,0.549551
32.9,0.546732
33,0.543704
33.1,0.54047
33.2,0.537032
33.3,0.533391
33.4,0.52955
33.5,0.525511
33.6,0.521276
33.7,0.516848
33.8,0.512229
33.9,0.507421
34,0.502429
34.1,0.497253
34.2,0.491897
34.3,0.486363
34.4,0.480655
34.5,0.474775
34.6,0.468726
34.7,0.462512
34.8,0.456135
34.9,0.449598
35,0.442906
35.1,0.43606
35.2,0.429064
35.3,0.421922
35.4,0.414637
35.5,0.407212
35.6,0.399651
35.7,0.391957
35.8,0.384135
35.9,0.376187
36,0.368117
36.1,0.359928
36.2,0.351626
36.3,0.343212
36.4,0.334692
36.5,0.326068
36.6,0.317345
36.7,0.308526
36.8,0.299616
36.9,0.290618
37,0.281536
37.1,0.272374
37.2,0.263137
37.3,0.253827
37.4,0.244449
37.5,0.235007
37.6,0.225506
37.7,0.215948
37.8,0.206338
37.9,0.19668
38,0.186979
38.1,0.177237
38.2,0.16746
38.3,0.157651
38.4,0.147814
38.5,0.137953
38.6,0.128073
38.7,0.118177
38.8,0.10827
38.9,0.0983544
39,0.0884356
39.1,0.0785171
39.2,0.0686029
39.3,0.0586969
39.4,0.0488032
39.5,0.0389255
39.6,0.0290678
39.7,0.019234
39.8,0.00942787
39.9,-0.000346714
40,-0.010086
40.1,-0.0197861
40.2,-0.0294435
40.3,-0.0390542
40.4,-0.0486148
40.5,-0.0581215
40.6,-0.0675707
40.7,-0.0769589
40.8,-0.0862825
40.9,-0.095538
41,-0.104722
41.1,-0.113831
41.2,-0.122862
41.3,-0.131811
41.4,-0.140675
41.5,-0.149451
41.6,-0.158135
41.7,-0.166725
41.8,-0.175218
41.9,-0.18361
42,-0.191898
42.1,-0.200079
42.2,-0.208151
42.3,-0.216111
42.4,-0.223956
42.5,-0.231682
42.6,-0.239289
42.7,-0.246772
42.8,-0.25413
42.9,-0.261359
43,-0.268458
43.1,-0.275424
43.2,-0.282254
43.3,-0.288947
43.4,-0.295501
43.5,-0.301913
43.6,-0.308181
43.7,-0.314303
43.8,-0.320277
43.9,-0.326101
44,-0.331775
44.1,-0.337295
44.2,-0.34266
44.3,-0.347869
44.4,-0.35292
44.5,-0.357812
44.6,-0.362543
44.7,-0.367112
44.8,-0.371517
44.9,-0.375758
45,-0.379834
45.1,-0.383743
45.2,-0.387484
45.3,-0.391057
45.4,-0.394461
45.5,-0.397694
45.6,-0.400757
45.7,-0.403649
45.8,-0.406368
45.9,-0.408916
46,-0.41129
46.1,-0.413492
46.2,-0.41552
46.3,-0.417375
46.4,-0.419056
46.5,-0.420563
46.6,-0.421897
46.7,-0.423057
46.8,-0.424044
46.9,-0.424858
47,-0.425498
47.1,-0.425967
47.2,-0.426263
47.3,-0.426388
47.4,-0.426341
47.5,-0.426124
47.6,-0.425738
47.7,-0.425183
47.8,-0.424459
47.9,-0.423569
48,-0.422512
48.1,-0.42129
48.2,-0.419904
48.3,-0.418355
48.4,-0.416644
48.5,-0.414772
48.6,-0.412742
48.7,-0.410553
48.8,-0.408209
48.9,-0.405709
49,-0.403056
49.1,-0.400252
49.2,-0.397297
49.3,-0.394195
49.4,-0.390945
49.5,-0.387552
49.6,-0.384015
49.7,-0.380337
49.8,-0.376521
49.9,-0.372567
50,-0.368479
50.1,-0.364258
50.2,-0.359907
50.3,-0.355427
50.4,-0.350821
50.5,-0.346092
50.6,-0.341241
50.7,-0.336271
50.8,-0.331185
50.9,-0.325984
51,-0.320672
51.1,-0.31525
51.2,-0.309722
51.3,-0.30409
51.4,-0.298357
51.5,-0.292525
51.6,-0.286596
51.7,-0.280575
51.8,-0.274463
51.9,-0.268263
52,-0.261978
52.1,-0.255612
52.2,-0.249165
52.3,-0.242643
52.4,-0.236046
52.5,-0.229379
52.6,-0.222645
52.7,-0.215845
52.8,-0.208984
52.9,-0.202063
53,-0.195087
53.1,-0.188058
53.2,-0.180979
53.3,-0.173853
53.4,-0.166683
53.5,-0.159473
53.6,-0.152224
53.7,-0.144941
53.8,-0.137626
53.9,-0.130282
54,-0.122913
54.1,-0.115521
54.2,-0.108109
54.3,-0.100681
54.4,-0.0932388
54.5,-0.0857865
54.6,-0.0783268
54.7,-0.0708625
54.8,-0.0633968
54.9,-0.0559326
55,-0.0484729
55.1,-0.0410207
55.2,-0.0335789
55.3,-0.0261504
55.4,-0.0187382
55.5,-0.0113452
55.6,-0.00397434
55.7,0.00337163
55.8,0.0106898
55.9,0.0179773
56,0.0252315
56.1,0.0324494
56.2,0.0396283
56.3,0.0467656
56.4,0.0538584
56.5,0.0609042
56.6,0.0679003
56.7,0.074844
56.8,0.0817327
56.9,0.088564
57,0.0953353
57.1,0.102044
57.2,0.108688
57.3,0.115264
57.4,0.121771
57.5,0.128205
57.6,0.134565
57.7,0.140849
57.8,0.147053
57.9,0.153176
58,0.159216
58.1,0.16517
58.2,0.171037
58.3,0.176815
58.4,0.182501
58.5,0.188093
58.6,0.19359
58.7,0.19899
58.8,0.204291
58.9,0.209491
59,0.214588
59.1,0.219581
59.2,0.224469
59.3,0.229249
59.4,0.23392
59.5,0.238481
59.6,0.24293
59.7,0.247266
59.8,0.251487
59.9,0.255593
60,0.259581
60.1,0.263451
60.2,0.267202
60.3,0.270833
60.4,0.274342
60.5,0.277729
60.6,0.280992
60.7,0.284132
60.8,0.287146
60.9,0.290035
61,0.292797
61.1,0.295432
61.2,0.29794
61.3,0.300319
61.4,0.30257
61.5,0.304692
61.6,0.306684
61.7,0.308546
61.8,0.310278
61.9,0.31188
62,0.313351
62.1,0.314691
62.2,0.315901
62.3,0.31698
62.4,0.317929
62.5,0.318747
62.6,0.319434
62.7,0.319991
62.8,0.320419
62.9,0.320716
63,0.320884
63.1,0.320923
63.2,0.320834
63.3,0.320617
63.4,0.320272
63.5,0.3198
63.6,0.319202
63.7,0.318479
63.8,0.317631
63.9,0.316658
64,0.315563
64.1,0.314345
64.2,0.313006
64.3,0.311547
64.4,0.309968
64.5,0.308271
64.6,0.306457
64.7,0.304527
64.8,0.302481
64.9,0.300323
65,0.298051
65.1,0.295669
65.2,0.293177
65.3,0.290577
65.4,0.28787
65.5,0.285058
65.6,0.282141
65.7,0.279122
65.8,0.276003
65.9,0.272784
66,0.269468
66.1,0.266056
66.2,0.26255
66.3,0.258951
66.4,0.255262
66.5,0.251484
66.6,0.247619
66.7,0.243669
66.8,0.239635
66.9,0.235521
67,0.231326
67.1,0.227055
67.2,0.222708
67.3,0.218287
67.4,0.213795
67.5,0.209234
67.6,0.204606
67.7,0.199912
67.8,0.195155
67.9,0.190338
68,0.185461
68.1,0.180528
68.2,0.175541
68.3,0.170501
68.4,0.165411
68.5,0.160273
68.6,0.15509
68.7,0.149863
68.8,0.144595
68.9,0.139289
69,0.133945
69.1,0.128568
69.2,0.123158
69.3,0.117719
69.4,0.112252
69.5,0.106759
69.6,0.101244
69.7,0.0957085
69.8,0.0901543
69.9,0.0845841
70,0.0790001
70.1,0.0734046
70.2,0.0677999
70.3,0.0621882
70.4,0.0565719
70.5,0.0509531
70.6,0.0453342
70.7,0.0397174
70.8,0.034105
70.9,0.028499
71,0.0229019
71.1,0.0173158
71.2,0.0117428
71.3,0.00618525
71.4,0.000645195
71.5,-0.00487517
71.6,-0.0103737
71.7,-0.0158483
71.8,-0.0212969
71.9,-0.0267173
72,-0.0321075
72.1,-0.0374655
72.2,-0.0427892
72.3,-0.0480766
72.4,-0.0533257
72.5,-0.0585347
72.6,-0.0637014
72.7,-0.0688241
72.8,-0.0739008
72.9,-0.0789297
73,-0.0839088
73.1,-0.0888366
73.2,-0.093711
73.3,-0.0985304
73.4,-0.103293
73.5,-0.107997
73.6,-0.112641
73.7,-0.117223
73.8,-0.121742
73.9,-0.126196
74,-0.130584
74.1,-0.134903
74.2,-0.139153
74.3,-0.143332
74.4,-0.147438
74.5,-0.151471
74.6,-0.155429
74.7,-0.15931
74.8,-0.163114
74.9,-0.166838
75,-0.170483
75.1,-0.174046
75.2,-0.177526
75.3,-0.180924
75.4,-0.184236
75.5,-0.187463
75.6,-0.190603
75.7,-0.193656
75.8,-0.196621
75.9,-0.199496
76,-0.20228
76.1,-0.204974
76.2,-0.207577
76.3,-0.210086
76.4,-0.212503
76.5,-0.214826
76.6,-0.217055
76.7,-0.219189
76.8,-0.221228
76.9,-0.22317
77,-0.225017
77.1,-0.226767
77.2,-0.22842
77.3,-0.229975
77.4,-0.231433
77.5,-0.232793
77.6,-0.234055
77.7,-0.235219
77.8,-0.236285
77.9,-0.237252
78,-0.238121
78.1,-0.238891
78.2,-0.239564
78.3,-0.240138
78.4,-0.240613
78.5,-0.240991
78.6,-0.241271
78.7,-0.241454
78.8,-0.241539
78.9,-0.241528
79,-0.24142
79.1,-0.241215
79.2,-0.240915
79.3,-0.24052
79.4,-0.24003
79.5,-0.239445
79.6,-0.238767
79.7,-0.237996
79.8,-0.237133
79.9,-0.236177
80,-0.235131
80.1,-0.233995
80.2,-0.232768
80.3,-0.231454
80.4,-0.230051
80.5,-0.228561
80.6,-0.226986
80.7,-0.225325
80.8,-0.22358
80.9,-0.221752
81,-0.219842
81.1,-0.21785
81.2,-0.215779
81.3,-0.213629
81.4,-0.211401
81.5,-0.209097
81.6,-0.206717
81.7,-0.204263
81.8,-0.201737
81.9,-0.199138
82,-0.19647
82.1,-0.193732
82.2,-0.190927
82.3,-0.188055
82.4,-0.185119
82.5,-0.182119
82.6,-0.179057
82.7,-0.175935
82.8,-0.172753
82.9,-0.169514
83,-0.166218
83.1,-0.162868
83.2,-0.159465
83.3,-0.156011
83.4,-0.152506
83.5,-0.148953
83.6,-0.145353
83.7,-0.141708
83.8,-0.13802
83.9,-0.134289
84,-0.130518
84.1,-0.126709
84.2,-0.122863
84.3,-0.118981
84.4,-0.115066
84.5,-0.111118
84.6,-0.107141
84.7,-0.103135
84.8,-0.0991021
84.9,-0.0950441
85,-0.0909627
85.1,-0.0868597
85.2,-0.0827367
85.3,-0.0785954
85.4,-0.0744376
85.5,-0.070265
85.6,-0.0660793
85.7,-0.0618822
85.8,-0.0576755
85.9,-0.0534609
86,-0.0492401
86.1,-0.0450147
86.2,-0.0407866
86.3,-0.0365573
86.4,-0.0323287
86.5,-0.0281024
86.6,-0.02388
86.7,-0.0196633
86.8,-0.0154539
86.9,-0.0112535
87,-0.00706367
87.1,-0.00288613
87.2,0.00127754
87.3,0.0054257
87.4,0.00955676
87.5,0.0136691
87.6,0.0177612
87.7,0.0218315
87.8,0.0258783
87.9,0.0299003
88,0.0338958
88.1,0.0378634
88.2,0.0418015
88.3,0.0457088
88.4,0.0495837
88.5,0.0534248
88.6,0.0572307
88.7,0.061
88.8,0.0647314
88.9,0.0684234
89,0.0720747
89.1,0.0756841
89.2,0.0792503
89.3,0.0827718
89.4,0.0862476
89.5,0.0896764
89.6,0.093057
89.7,0.0963882
89.8,0.0996688
89.9,0.102898
90,0.106074
90.1,0.109196
90.2,0.112264
90.3,0.115275
90.4,0.11823
90.5,0.121126
90.6,0.123964
90.7,0.126742
90.8,0.129459
90.9,0.132114
91,0.134708
91.1,0.137238
91.2,0.139704
91.3,0.142105
91.4,0.144441
91.5,0.14671
91.6,0.148913
91.7,0.151048
91.8,0.153115
91.9,0.155114
92,0.157043
92.1,0.158902
92.2,0.160691
92.3,0.16241
92.4,0.164057
92.5,0.165633
92.6,0.167137
92.7,0.168568
92.8,0.169927
92.9,0.171213
93,0.172426
93.1,0.173566
93.2,0.174632
93.3,0.175624
93.4,0.176543
93.5,0.177388
93.6,0.178158
93.7,0.178855
93.8,0.179478
93.9,0.180026
94,0.180501
94.1,0.180902
94.2,0.181228
94.3,0.181482
94.4,0.181661
94.5,0.181768
94.6,0.181801
94.7,0.181761
94.8,0.181649
94.9,0.181465
95,0.181209
95.1,0.180881
95.2,0.180482
95.3,0.180012
95.4,0.179472
95.5,0.178862
95.6,0.178183
95.7,0.177435
95.8,0.176618
95.9,0.175734
96,0.174783
96.1,0.173765
96.2,0.172682
96.3,0.171533
96.4,0.17032
96.5,0.169043
96.6,0.167703
96.7,0.166301
96.8,0.164837
96.9,0.163313
97,0.161728
97.1,0.160085
97.2,0.158384
97.3,0.156625
97.4,0.15481
97.5,0.15294
97.6,0.151015
97.7,0.149037
97.8,0.147007
97.9,0.144924
98,0.142792
98.1,0.14061
98.2,0.138379
98.3,0.136102
98.4,0.133778
98.5,0.131408
98.6,0.128995
98.7,0.126539
98.8,0.124041
98.9,0.121503
99,0.118925
99.1,0.116308
99.2,0.113655
99.3,0.110966
99.4,0.108242
99.5,0.105484
99.6,0.102695
99.7,0.0998739
99.8,0.0970233
99.9,0.0941442
100,0.0912378
100.1,0.0883053
100.2,0.0853481
100.3,0.0823674
100.4,0.0793645
100.5,0.0763407
100.6,0.0732972
100.7,0.0702353
100.8,0.0671564
100.9,0.0640617
101,0.0609525
101.1,0.0578301
101.2,0.0546958
101.3,0.051551
101.4,0.0483968
101.5,0.0452346
101.6,0.0420657
101.7,0.0388914
101.8,0.035713
101.9,0.0325317
102,0.0293489
102.1,0.0261658
102.2,0.0229837
102.3,0.0198038
102.4,0.0166275
102.5,0.0134559
102.6,0.0102904
102.7,0.0071322
102.8,0.00398249
102.9,0.000842515
103,-0.00228649
103.1,-0.00540331
103.2,-0.00850676
103.3,-0.0115956
103.4,-0.0146687
103.5,-0.0177249
103.6,-0.020763
103.7,-0.0237818
103.8,-0.0267803
103.9,-0.0297573
104,-0.0327116
104.1,-0.0356422
104.2,-0.038548
104.3,-0.041428
104.4,-0.0442809
104.5,-0.047106
104.6,-0.0499019
104.7,-0.0526679
104.8,-0.0554029
104.9,-0.0581058
105,-0.0607758
105.1,-0.0634118
105.2,-0.066013
105.3,-0.0685784
105.4,-0.0711072
105.5,-0.0735984
105.6,-0.0760512
105.7,-0.0784647
105.8,-0.0808382
105.9,-0.0831708
106,-0.0854617
106.1,-0.0877102
106.2,-0.0899155
106.3,-0.0920769
106.4,-0.0941937
106.5,-0.0962652
106.6,-0.0982908
106.7,-0.10027
106.8,-0.102201
106.9,-0.104085
107,-0.105921
107.1,-0.107707
107.2,-0.109444
107.3,-0.111131
107.4,-0.112767
107.5,-0.114353
107.6,-0.115887
107.7,-0.117369
107.8,-0.118799
107.9,-0.120176
108,-0.1215
108.1,-0.122771
108.2,-0.123988
108.3,-0.125151
108.4,-0.12626
108.5,-0.127314
108.6,-0.128314
108.7,-0.129258
108.8,-0.130148
108.9,-0.130982
109,-0.131761
109.1,-0.132484
109.2,-0.133152
109.3,-0.133764
109.4,-0.134321
109.5,-0.134822
109.6,-0.135267
109.7,-0.135656
109.8,-0.135989
109.9,-0.136267
110,-0.13649
110.1,-0.136657
110.2,-0.136769
110.3,-0.136826
110.4,-0.136827
110.5,-0.136774
110.6,-0.136667
110.7,-0.136505
110.8,-0.136289
110.9,-0.13602
111,-0.135697
111.1,-0.135321
111.2,-0.134892
111.3,-0.134411
111.4,-0.133878
111.5,-0.133293
111.6,-0.132657
111.7,-0.13197
111.8,-0.131233
111.9,-0.130446
112,-0.129609
112.1,-0.128724
112.2,-0.12779
112.3,-0.126809
112.4,-0.125781
112.5,-0.124706
112.6,-0.123584
112.7,-0.122418
112.8,-0.121207
112.9,-0.119951
113,-0.118652
113.1,-0.117311
113.2,-0.115927
113.3,-0.114502
113.4,-0.113036
113.5,-0.111531
113.6,-0.109986
113.7,-0.108402
113.8,-0.106781
113.9,-0.105123
114,-0.103429
114.1,-0.1017
114.2,-0.0999365
114.3,-0.0981392
114.4,-0.0963091
114.5,-0.0944471
114.6,-0.092554
114.7,-0.0906306
114.8,-0.088678
114.9,-0.0866969
115,-0.0846883
115.1,-0.082653
115.2,-0.080592
115.3,-0.0785062
115.4,-0.0763964
115.5,-0.0742638
115.6,-0.072109
115.7,-0.0699332
115.8,-0.0677373
115.9,-0.0655222
116,-0.0632888
116.1,-0.0610382
116.2,-0.0587712
116.3,-0.0564889
116.4,-0.0541922
116.5,-0.0518821
116.6,-0.0495596
116.7,-0.0472256
116.8,-0.0448812
116.9,-0.0425272
117,-0.0401646
117.1,-0.0377946
117.2,-0.0354179
117.3,-0.0330356
117.4,-0.0306487
117.5,-0.0282581
117.6,-0.0258648
117.7,-0.0234698
117.8,-0.021074
117.9,-0.0186784
118,-0.016284
118.1,-0.0138917
118.2,-0.0115024
118.3,-0.00911713
118.4,-0.0067368
118.5,-0.00436235
118.6,-0.0019947
118.7,0.00036523
118.8,0.00271651
118.9,0.00505825
119,0.00738953
119.1,0.00970946
119.2,0.0120172
119.3,0.0143117
119.4,0.0165923
119.5,0.0188581
119.6,0.0211081
119.7,0.0233416
119.8,0.0255578
119.9,0.0277557
120,0.0299346
120.1,0.0320937
120.2,0.0342322
120.3,0.0363493
120.4,0.0384442
120.5,0.0405162
120.6,0.0425646
120.7,0.0445885
120.8,0.0465873
120.9,0.0485603
121,0.0505068
121.1,0.0524261
121.2,0.0543174
121.3,0.0561803
121.4,0.0580139
121.5,0.0598178
121.6,0.0615912
121.7,0.0633336
121.8,0.0650445
121.9,0.0667231
122,0.068369
122.1,0.0699816
122.2,0.0715604
122.3,0.073105
122.4,0.0746147
122.5,0.0760891
122.6,0.0775278
122.7,0.0789303
122.8,0.0802962
122.9,0.081625
123,0.0829165
123.1,0.08417
123.2,0.0853855
123.3,0.0865624
123.4,0.0877004
123.5,0.0887992
123.6,0.0898586
123.7,0.0908782
123.8,0.0918578
123.9,0.0927971
124,0.093696
124.1,0.0945541
124.2,0.0953713
124.3,0.0961474
124.4,0.0968822
124.5,0.0975757
124.6,0.0982276
124.7,0.0988379
124.8,0.0994065
124.9,0.0999332
125,0.100418
125.1,0.100861
125.2,0.101262
125.3,0.101621
125.4,0.101938
125.5,0.102214
125.6,0.102447
125.7,0.102638
125.8,0.102788
125.9,0.102896
126,0.102963
126.1,0.102988
126.2,0.102972
126.3,0.102915
126.4,0.102816
126.5,0.102677
126.6,0.102498
126.7,0.102278
126.8,0.102018
126.9,0.101718
127,0.101378
127.1,0.101
127.2,0.100582
127.3,0.100125
127.4,0.0996301
127.5,0.0990971
127.6,0.0985262
127.7,0.0979181
127.8,0.0972729
127.9,0.0965912
128,0.0958733
128.1,0.0951196
128.2,0.0943306
128.3,0.0935067
128.4,0.0926484
128.5,0.0917561
128.6,0.0908303
128.7,0.0898715
128.8,0.0888802
128.9,0.0878569
129,0.0868022
129.1,0.0857165
129.2,0.0846005
129.3,0.0834547
129.4,0.0822795
129.5,0.0810757
129.6,0.0798439
129.7,0.0785845
129.8,0.0772982
129.9,0.0759856
130,0.0746473
130.1,0.073284
130.2,0.0718963
130.3,0.0704849
130.4,0.0690503
130.5,0.0675933
130.6,0.0661144
130.7,0.0646145
130.8,0.0630941
130.9,0.0615539
131,0.0599947
131.1,0.0584171
131.2,0.0568218
131.3,0.0552095
131.4,0.0535809
131.5,0.0519368
131.6,0.0502778
131.7,0.0486047
131.8,0.0469181
131.9,0.0452189
132,0.0435076
132.1,0.0417852
132.2,0.0400522
132.3,0.0383094
132.4,0.0365576
132.5,0.0347975
132.6,0.0330298
132.7,0.0312553
132.8,0.0294746
132.9,0.0276885
133,0.0258979
133.1,0.0241032
133.2,0.0223055
133.3,0.0205052
133.4,0.0187033
133.5,0.0169003
133.6,0.0150971
133.7,0.0132943
133.8,0.0114927
133.9,0.00969303
134,0.00789592
134.1,0.00610213
134.2,0.00431235
134.3,0.00252729
134.4,0.000747645
134.5,-0.00102589
134.6,-0.00279263
134.7,-0.0045519
134.8,-0.00630301
134.9,-0.00804529
135,-0.00977808
135.1,-0.0115007
135.2,-0.0132126
135.3,-0.014913
135.4,-0.0166013
135.5,-0.0182769
135.6,-0.0199391
135.7,-0.0215874
135.8,-0.0232211
135.9,-0.0248397
136,-0.0264425
136.1,-0.0280289
136.2,-0.0295984
136.3,-0.0311504
136.4,-0.0326844
136.5,-0.0341998
136.6,-0.0356961
136.7,-0.0371726
136.8,-0.038629
136.9,-0.0400647
137,-0.0414792
137.1,-0.0428721
137.2,-0.0442427
137.3,-0.0455908
137.4,-0.0469157
137.5,-0.0482171
137.6,-0.0494945
137.7,-0.0507476
137.8,-0.0519758
137.9,-0.0531788
138,-0.0543562
138.1,-0.0555077
138.2,-0.0566328
138.3,-0.0577311
138.4,-0.0588025
138.5,-0.0598464
138.6,-0.0608627
138.7,-0.0618509
138.8,-0.0628109
138.9,-0.0637423
139,-0.0646448
139.1,-0.0655182
139.2,-0.0663623
139.3,-0.0671768
139.4,-0.0679615
139.5,-0.0687161
139.6,-0.0694406
139.7,-0.0701347
139.8,-0.0707982
139.9,-0.071431
140,-0.072033
140.1,-0.072604
140.2,-0.0731439
140.3,-0.0736526
140.4,-0.07413
140.5,-0.074576
140.6,-0.0749906
140.7,-0.0753737
140.8,-0.0757253
140.9,-0.0760453
141,-0.0763338
141.1,-0.0765907
141.2,-0.076816
141.3,-0.0770098
141.4,-0.0771721
141.5,-0.0773029
141.6,-0.0774023
141.7,-0.0774704
141.8,-0.0775073
141.9,-0.0775131
142,-0.0774878
142.1,-0.0774316
142.2,-0.0773447
142.3,-0.0772271
142.4,-0.077079
142.5,-0.0769007
142.6,-0.0766922
142.7,-0.0764538
142.8,-0.0761857
142.9,-0.0758881
143,-0.0755612
143.1,-0.0752052
143.2,-0.0748205
143.3,-0.0744072
143.4,-0.0739656
143.5,-0.0734961
143.6,-0.0729988
143.7,-0.0724741
143.8,-0.0719223
143.9,-0.0713437
144,-0.0707387
144.1,-0.0701076
144.2,-0.0694507
144.3,-0.0687683
144.4,-0.068061
144.5,-0.0673289
144.6,-0.0665726
144.7,-0.0657923
144.8,-0.0649885
144.9,-0.0641617
145,-0.0633121
145.1,-0.0624403
145.2,-0.0615466
145.3,-0.0606316
145.4,-0.0596955
145.5,-0.058739
145.6,-0.0577624
145.7,-0.0567663
145.8,-0.055751
145.9,-0.054717
146,-0.0536649
146.1,-0.0525952
146.2,-0.0515082
146.3,-0.0504045
146.4,-0.0492847
146.5,-0.0481492
146.6,-0.0469985
146.7,-0.0458331
146.8,-0.0446536
146.9,-0.0434605
147,-0.0422543
147.1,-0.0410356
147.2,-0.0398048
147.3,-0.0385625
147.4,-0.0373093
147.5,-0.0360456
147.6,-0.0347721
147.7,-0.0334893
147.8,-0.0321977
147.9,-0.0308978
148,-0.0295903
148.1,-0.0282757
148.2,-0.0269545
148.3,-0.0256272
148.4,-0.0242945
148.5,-0.0229568
148.6,-0.0216148
148.7,-0.020269
148.8,-0.0189199
148.9,-0.0175681
149,-0.0162141
149.1,-0.0148586
149.2,-0.0135019
149.3,-0.0121448
149.4,-0.0107877
149.5,-0.00943111
149.6,-0.00807567
149.7,-0.00672187
149.8,-0.00537027
149.9,-0.00402137
150,-0.00267573
150.1,-0.00133386
150.2,3.71024e-006
150.3,0.00133647
150.4,0.00266389
150.5,0.00398547
150.6,0.00530069
150.7,0.00660907
150.8,0.00791008
150.9,0.00920325
151,0.0104881
151.1,0.0117641
151.2,0.0130308
151.3,0.0142878
151.4,0.0155345
151.5,0.0167705
151.6,0.0179953
151.7,0.0192085
151.8,0.0204097
151.9,0.0215984
152,0.0227742
152.1,0.0239366
152.2,0.0250853
152.3,0.0262198
152.4,0.0273397
152.5,0.0284447
152.6,0.0295343
152.7,0.0306082
152.8,0.0316659
152.9,0.0327072
153,0.0337317
153.1,0.034739
153.2,0.0357287
153.3,0.0367006
153.4,0.0376543
153.5,0.0385896
153.6,0.039506
153.7,0.0404033
153.8,0.0412812
153.9,0.0421395
154,0.0429778
154.1,0.0437959
154.2,0.0445936
154.3,0.0453705
154.4,0.0461265
154.5,0.0468613
154.6,0.0475747
154.7,0.0482665
154.8,0.0489366
154.9,0.0495846
155,0.0502105
155.1,0.050814
155.2,0.0513951
155.3,0.0519534
155.4,0.052489
155.5,0.0530017
155.6,0.0534913
155.7,0.0539578
155.8,0.054401
155.9,0.0548209
156,0.0552173
156.1,0.0555902
156.2,0.0559395
156.3,0.0562652
156.4,0.0565672
156.5,0.0568455
156.6,0.0571
156.7,0.0573308
156.8,0.0575378
156.9,0.0577211
157,0.0578806
157.1,0.0580164
157.2,0.0581285
157.3,0.058217
157.4,0.0582818
157.5,0.0583231
157.6,0.0583409
157.7,0.0583354
157.8,0.0583065
157.9,0.0582543
158,0.0581791
158.1,0.0580809
158.2,0.0579598
158.3,0.0578159
158.4,0.0576494
158.5,0.0574605
158.6,0.0572493
158.7,0.0570159
158.8,0.0567606
158.9,0.0564835
159,0.0561847
159.1,0.0558646
159.2,0.0555233
159.3,0.055161
159.4,0.054778
159.5,0.0543744
159.6,0.0539505
159.7,0.0535066
159.8,0.0530428
159.9,0.0525596
160,0.052057
160.1,0.0515354
160.2,0.0509951
160.3,0.0504363
160.4,0.0498594
160.5,0.0492646
160.6,0.0486522
160.7,0.0480226
160.8,0.047376
160.9,0.0467128
161,0.0460334
161.1,0.0453379
161.2,0.0446268
161.3,0.0439004
161.4,0.0431591
161.5,0.0424032
161.6,0.0416331
161.7,0.040849
161.8,0.0400515
161.9,0.0392408
162,0.0384173
162.1,0.0375814
162.2,0.0367335
162.3,0.0358739
162.4,0.0350031
162.5,0.0341215
162.6,0.0332293
162.7,0.0323271
162.8,0.0314152
162.9,0.030494
163,0.0295639
163.1,0.0286254
163.2,0.0276788
163.3,0.0267245
163.4,0.025763
163.5,0.0247946
163.6,0.0238198
163.7,0.0228389
163.8,0.0218525
163.9,0.0208609
164,0.0198645
164.1,0.0188637
164.2,0.017859
164.3,0.0168508
164.4,0.0158394
164.5,0.0148254
164.6,0.0138091
164.7,0.0127909
164.8,0.0117713
164.9,0.0107506
165,0.00972933
165.1,0.00870782
165.2,0.00768651
165.3,0.0066658
165.4,0.00564609
165.5,0.0046278
165.6,0.00361133
165.7,0.00259706
165.8,0.00158542
165.9,0.000576774
166,-0.000428466
166.1,-0.00142992
166.2,-0.00242719
166.3,-0.0034199
166.4,-0.00440767
166.5,-0.00539012
166.6,-0.00636688
166.7,-0.00733758
166.8,-0.00830184
166.9,-0.00925932
167,-0.0102096
167.1,-0.0111525
167.2,-0.0120874
167.3,-0.0130142
167.4,-0.0139324
167.5,-0.0148417
167.6,-0.0157419
167.7,-0.0166325
167.8,-0.0175132
167.9,-0.0183838
168,-0.0192438
168.1,-0.0200931
168.2,-0.0209313
168.3,-0.0217581
168.4,-0.0225732
168.5,-0.0233764
168.6,-0.0241673
168.7,-0.0249457
168.8,-0.0257113
168.9,-0.0264638
169,-0.0272031
169.1,-0.0279289
169.2,-0.0286408
169.3,-0.0293387
169.4,-0.0300224
169.5,-0.0306916
169.6,-0.0313462
169.7,-0.0319858
169.8,-0.0326103
169.9,-0.0332196
170,-0.0338133
170.1,-0.0343914
170.2,-0.0349537
170.3,-0.0355
170.4,-0.03603
170.5,-0.0365438
170.6,-0.0370411
170.7,-0.0375218
170.8,-0.0379858
170.9,-0.0384329
171,-0.038863
171.1,-0.039276
171.2,-0.0396718
171.3,-0.0400503
171.4,-0.0404115
171.5,-0.0407551
171.6,-0.0410813
171.7,-0.0413898
171.8,-0.0416807
171.9,-0.0419538
172,-0.0422092
172.1,-0.0424468
172.2,-0.0426665
172.3,-0.0428684
172.4,-0.0430524
172.5,-0.0432185
172.6,-0.0433668
172.7,-0.0434971
172.8,-0.0436096
172.9,-0.0437043
173,-0.0437811
173.1,-0.0438401
173.2,-0.0438814
173.3,-0.043905
173.4,-0.0439109
173.5,-0.0438993
173.6,-0.0438701
173.7,-0.0438235
173.8,-0.0437595
173.9,-0.0436783
174,-0.0435799
174.1,-0.0434644
174.2,-0.0433319
174.3,-0.0431826
174.4,-0.0430165
174.5,-0.0428338
174.6,-0.0426347
174.7,-0.0424192
174.8,-0.0421875
174.9,-0.0419398
175,-0.0416762
175.1,-0.0413969
175.2,-0.041102
175.3,-0.0407918
175.4,-0.0404663
175.5,-0.0401258
175.6,-0.0397705
175.7,-0.0394006
175.8,-0.0390163
175.9,-0.0386177
176,-0.0382051
176.1,-0.0377787
176.2,-0.0373388
176.3,-0.0368854
176.4,-0.036419
176.5,-0.0359397
176.6,-0.0354477
176.7,-0.0349433
176.8,-0.0344268
176.9,-0.0338983
177,-0.0333582
177.1,-0.0328067
177.2,-0.0322441
177.3,-0.0316706
177.4,-0.0310864
177.5,-0.030492
177.6,-0.0298875
177.7,-0.0292732
177.8,-0.0286494
177.9,-0.0280164
178,-0.0273745
178.1,-0.0267239
178.2,-0.026065
178.3,-0.025398
178.4,-0.0247233
178.5,-0.0240411
178.6,-0.0233517
178.7,-0.0226555
178.8,-0.0219528
178.9,-0.0212437
179,-0.0205288
179.1,-0.0198082
179.2,-0.0190823
179.3,-0.0183513
179.4,-0.0176157
179.5,-0.0168756
179.6,-0.0161315
179.7,-0.0153836
179.8,-0.0146322
179.9,-0.0138777
180,-0.0131203
180.1,-0.0123604
180.2,-0.0115983
180.3,-0.0108344
180.4,-0.0100688
180.5,-0.00930195
180.6,-0.00853416
180.7,-0.00776571
180.8,-0.00699692
180.9,-0.0062281
181,-0.00545956
181.1,-0.0046916
181.2,-0.00392453
181.3,-0.00315865
181.4,-0.00239427
181.5,-0.00163167
181.6,-0.000871175
181.7,-0.000113066
181.8,0.00064236
181.9,0.00139481
182,0.00214399
182.1,0.00288962
182.2,0.00363141
182.3,0.00436907
182.4,0.00510233
182.5,0.00583091
182.6,0.00655454
182.7,0.00727294
182.8,0.00798584
182.9,0.00869298
183,0.0093941
183.1,0.0100889
183.2,0.0107772
183.3,0.0114588
183.4,0.0121332
183.5,0.0128004
183.6,0.0134601
183.7,0.014112
183.8,0.0147559
183.9,0.0153916
184,0.0160189
184.1,0.0166375
184.2,0.0172472
184.3,0.0178478
184.4,0.0184391
184.5,0.0190209
184.6,0.019593
184.7,0.0201552
184.8,0.0207074
184.9,0.0212492
185,0.0217806
185.1,0.0223014
185.2,0.0228114
185.3,0.0233104
185.4,0.0237983
185.5,0.0242749
185.6,0.0247401
185.7,0.0251937
185.8,0.0256357
185.9,0.0260657
186,0.0264838
186.1,0.0268898
186.2,0.0272836
186.3,0.0276651
186.4,0.0280341
186.5,0.0283905
186.6,0.0287344
186.7,0.0290655
186.8,0.0293837
186.9,0.0296891
187,0.0299815
187.1,0.0302609
187.2,0.0305271
187.3,0.0307802
187.4,0.0310201
187.5,0.0312467
187.6,0.0314599
187.7,0.0316598
187.8,0.0318464
187.9,0.0320195
188,0.0321792
188.1,0.0323255
188.2,0.0324582
188.3,0.0325776
188.4,0.0326834
188.5,0.0327759
188.6,0.0328548
188.7,0.0329204
188.8,0.0329725
188.9,0.0330113
189,0.0330367
189.1,0.0330488
189.2,0.0330477
189.3,0.0330333
189.4,0.0330058
189.5,0.0329652
189.6,0.0329115
189.7,0.0328449
189.8,0.0327653
189.9,0.032673
190,0.0325679
190.1,0.0324501
190.2,0.0323198
190.3,0.0321771
190.4,0.0320219
190.5,0.0318546
190.6,0.0316751
190.7,0.0314836
190.8,0.0312801
190.9,0.0310649
191,0.030838
191.1,0.0305997
191.2,0.0303499
191.3,0.0300889
191.4,0.0298168
191.5,0.0295338
191.6,0.0292399
191.7,0.0289354
191.8,0.0286205
191.9,0.0282952
192,0.0279598
192.1,0.0276144
192.2,0.0272592
192.3,0.0268944
192.4,0.0265201
192.5,0.0261366
192.6,0.025744
192.7,0.0253425
192.8,0.0249323
192.9,0.0245136
193,0.0240867
193.1,0.0236516
193.2,0.0232086
193.3,0.022758
193.4,0.0222998
193.5,0.0218344
193.6,0.021362
193.7,0.0208827
193.8,0.0203967
193.9,0.0199044
194,0.0194059
194.1,0.0189014
194.2,0.0183911
194.3,0.0178753
194.4,0.0173543
194.5,0.0168282
194.6,0.0162972
194.7,0.0157616
194.8,0.0152217
194.9,0.0146776
195,0.0141296
195.1,0.0135779
195.2,0.0130228
195.3,0.0124645
195.4,0.0119031
195.5,0.0113391
195.6,0.0107725
195.7,0.0102037
195.8,0.00963284
195.9,0.00906018
196,0.00848596
196.1,0.00791041
196.2,0.00733377
196.3,0.00675627
196.4,0.00617815
196.5,0.00559964
196.6,0.00502097
196.7,0.00444237
196.8,0.00386408
196.9,0.00328633
197,0.00270934
197.1,0.00213335
197.2,0.00155858
197.3,0.000985249
197.4,0.000413591
197.5,-0.000156175
197.6,-0.000723826
197.7,-0.00128915
197.8,-0.00185191
197.9,-0.00241191
198,-0.00296893
198.1,-0.00352276
198.2,-0.00407319
198.3,-0.00462
198.4,-0.005163
198.5,-0.00570197
198.6,-0.00623673
198.7,-0.00676707
198.8,-0.00729279
198.9,-0.0078137
199,-0.00832961
199.1,-0.00884033
199.2,-0.00934568
199.3,-0.00984546
199.4,-0.0103395
199.5,-0.0108277
199.6,-0.0113097
199.7,-0.0117855
199.8,-0.0122549
199.9,-0.0127176
200,-0.0131736
200.1,-0.0136227
200.2,-0.0140648
200.3,-0.0144996
200.4,-0.0149271
200.5,-0.015347
200.6,-0.0157593
200.7,-0.0161638
200.8,-0.0165604
200.9,-0.0169489
201,-0.0173293
201.1,-0.0177014
201.2,-0.018065
201.3,-0.0184201
201.4,-0.0187666
201.5,-0.0191043
201.6,-0.0194331
201.7,-0.019753
201.8,-0.0200638
201.9,-0.0203655
202,-0.020658
202.1,-0.0209411
202.2,-0.0212149
202.3,-0.0214791
202.4,-0.0217339
202.5,-0.021979
202.6,-0.0222144
202.7,-0.0224401
202.8,-0.0226561
202.9,-0.0228621
203,-0.0230583
203.1,-0.0232446
203.2,-0.0234209
203.3,-0.0235872
203.4,-0.0237435
203.5,-0.0238897
203.6,-0.0240258
203.7,-0.0241518
203.8,-0.0242677
203.9,-0.0243735
204,-0.0244692
204.1,-0.0245547
204.2,-0.0246301
204.3,-0.0246953
204.4,-0.0247505
204.5,-0.0247955
204.6,-0.0248305
204.7,-0.0248554
204.8,-0.0248703
204.9,-0.0248752
205,-0.0248701
205.1,-0.0248551
205.2,-0.0248302
205.3,-0.0247955
205.4,-0.0247509
205.5,-0.0246966
205.6,-0.0246327
205.7,-0.0245591
205.8,-0.0244759
205.9,-0.0243833
206,-0.0242813
206.1,-0.0241699
206.2,-0.0240492
206.3,-0.0239193
206.4,-0.0237804
206.5,-0.0236324
206.6,-0.0234755
206.7,-0.0233098
206.8,-0.0231354
206.9,-0.0229523
207,-0.0227608
207.1,-0.0225608
207.2,-0.0223524
207.3,-0.022136
207.4,-0.0219114
207.5,-0.0216789
207.6,-0.0214385
207.7,-0.0211904
207.8,-0.0209348
207.9,-0.0206717
208,-0.0204012
208.1,-0.0201236
208.2,-0.019839
208.3,-0.0195474
208.4,-0.019249
208.5,-0.0189441
208.6,-0.0186326
208.7,-0.0183148
208.8,-0.0179909
208.9,-0.0176609
209,-0.017325
209.1,-0.0169834
209.2,-0.0166363
209.3,-0.0162837
209.4,-0.0159259
209.5,-0.015563
209.6,-0.0151952
209.7,-0.0148226
209.8,-0.0144455
209.9,-0.0140639
210,-0.0136781
210.1,-0.0132882
210.2,-0.0128944
210.3,-0.0124968
210.4,-0.0120957
210.5,-0.0116912
210.6,-0.0112835
210.7,-0.0108727
210.8,-0.010459
210.9,-0.0100427
211,-0.00962382
211.1,-0.00920261
211.2,-0.00877924
211.3,-0.00835388
211.4,-0.00792671
211.5,-0.00749791
211.6,-0.00706765
211.7,-0.00663612
211.8,-0.00620348
211.9,-0.00576992
212,-0.00533562
212.1,-0.00490074
212.2,-0.00446547
212.3,-0.00402998
212.4,-0.00359444
212.5,-0.00315903
212.6,-0.00272393
212.7,-0.00228931
212.8,-0.00185533
212.9,-0.00142218
213,-0.00099001
213.1,-0.000559004
213.2,-0.000129327
213.3,0.000298856
213.4,0.000725377
213.5,0.00115007
213.6,0.00157278
213.7,0.00199334
213.8,0.00241158
213.9,0.00282736
214,0.0032405
214.1,0.00365086
214.2,0.00405829
214.3,0.00446263
214.4,0.00486372
214.5,0.00526143
214.6,0.00565559
214.7,0.00604608
214.8,0.00643275
214.9,0.00681544
215,0.00719404
215.1,0.00756839
215.2,0.00793837
215.3,0.00830384
215.4,0.00866468
215.5,0.00902075
215.6,0.00937193
215.7,0.00971809
215.8,0.0100591
215.9,0.0103949
216,0.0107253
216.1,0.0110503
216.2,0.0113696
216.3,0.0116833
216.4,0.0119911
216.5,0.012293
216.6,0.012589
216.7,0.0128788
216.8,0.0131625
216.9,0.0134398
217,0.0137108
217.1,0.0139753
217.2,0.0142333
217.3,0.0144846
217.4,0.0147293
217.5,0.0149672
217.6,0.0151982
217.7,0.0154224
217.8,0.0156395
217.9,0.0158496
218,0.0160526
218.1,0.0162485
218.2,0.0164372
218.3,0.0166186
218.4,0.0167927
218.5,0.0169595
218.6,0.0171188
218.7,0.0172708
218.8,0.0174153
218.9,0.0175523
219,0.0176818
219.1,0.0178038
219.2,0.0179182
219.3,0.018025
219.4,0.0181243
219.5,0.0182159
219.6,0.0182999
219.7,0.0183763
219.8,0.018445
219.9,0.0185062
220,0.0185597
220.1,0.0186056
220.2,0.0186439
220.3,0.0186746
220.4,0.0186977
220.5,0.0187132
220.6,0.0187212
220.7,0.0187217
220.8,0.0187147
220.9,0.0187003
221,0.0186784
221.1,0.0186491
221.2,0.0186125
221.3,0.0185685
221.4,0.0185173
221.5,0.0184589
221.6,0.0183933
221.7,0.0183205
221.8,0.0182407
221.9,0.0181539
222,0.0180602
222.1,0.0179595
222.2,0.017852
222.3,0.0177378
222.4,0.0176169
222.5,0.0174894
222.6,0.0173553
222.7,0.0172148
222.8,0.0170679
222.9,0.0169148
223,0.0167554
223.1,0.0165898
223.2,0.0164182
223.3,0.0162407
223.4,0.0160573
223.5,0.0158682
223.6,0.0156734
223.7,0.015473
223.8,0.0152672
223.9,0.015056
224,0.0148395
224.1,0.0146179
224.2,0.0143912
224.3,0.0141596
224.4,0.0139231
224.5,0.0136819
224.6,0.0134362
224.7,0.0131859
224.8,0.0129313
224.9,0.0126724
225,0.0124094
225.1,0.0121423
225.2,0.0118714
225.3,0.0115967
225.4,0.0113183
225.5,0.0110364
225.6,0.0107511
225.7,0.0104626
225.8,0.0101709
225.9,0.00987613
226,0.00957852
226.1,0.00927814
226.2,0.00897514
226.3,0.00866963
226.4,0.00836176
226.5,0.00805165
226.6,0.00773944
226.7,0.00742526
226.8,0.00710923
226.9,0.0067915
227,0.0064722
227.1,0.00615146
227.2,0.00582941
227.3,0.00550619
227.4,0.00518193
227.5,0.00485677
227.6,0.00453083
227.7,0.00420426
227.8,0.00387718
227.9,0.00354972
228,0.00322203
228.1,0.00289422
228.2,0.00256644
228.3,0.00223881
228.4,0.00191146
228.5,0.00158453
228.6,0.00125814
228.7,0.000932428
228.8,0.000607512
228.9,0.000283522
229,-3.94156e-005
229.1,-0.000361174
229.2,-0.00068163
229.3,-0.00100066
229.4,-0.00131814
229.5,-0.00163395
229.6,-0.00194797
229.7,-0.00226008
229.8,-0.00257017
229.9,-0.0028781
230,-0.00318378
230.1,-0.00348709
230.2,-0.00378791
230.3,-0.00408613
230.4,-0.00438164
230.5,-0.00467433
230.6,-0.0049641
230.7,-0.00525085
230.8,-0.00553446
230.9,-0.00581483
231,-0.00609187
231.1,-0.00636548
231.2,-0.00663556
231.3,-0.00690201
231.4,-0.00716473
231.5,-0.00742365
231.6,-0.00767867
231.7,-0.00792969
231.8,-0.00817664
231.9,-0.00841943
232,-0.00865798
232.1,-0.00889221
232.2,-0.00912204
232.3,-0.00934739
232.4,-0.00956819
232.5,-0.00978436
232.6,-0.00999585
232.7,-0.0102026
232.8,-0.0104045
232.9,-0.0106015
233,-0.0107936
233.1,-0.0109806
233.2,-0.0111626
233.3,-0.0113395
233.4,-0.0115112
233.5,-0.0116776
233.6,-0.0118388
233.7,-0.0119947
233.8,-0.0121453
233.9,-0.0122904
234,-0.0124301
234.1,-0.0125643
234.2,-0.012693
234.3,-0.0128162
234.4,-0.0129337
234.5,-0.0130457
234.6,-0.0131521
234.7,-0.0132529
234.8,-0.0133479
234.9,-0.0134373
235,-0.013521
235.1,-0.013599
235.2,-0.0136712
235.3,-0.0137378
235.4,-0.0137986
235.5,-0.0138536
235.6,-0.013903
235.7,-0.0139465
235.8,-0.0139844
235.9,-0.0140165
236,-0.0140429
236.1,-0.0140636
236.2,-0.0140785
236.3,-0.0140878
236.4,-0.0140915
236.5,-0.0140895
236.6,-0.0140818
236.7,-0.0140685
236.8,-0.0140497
236.9,-0.0140253
237,-0.0139954
237.1,-0.01396
237.2,-0.0139192
237.3,-0.0138729
237.4,-0.0138212
237.5,-0.0137642
237.6,-0.0137019
237.7,-0.0136343
237.8,-0.0135616
237.9,-0.0134836
238,-0.0134006
238.1,-0.0133125
238.2,-0.0132194
238.3,-0.0131213
238.4,-0.0130183
238.5,-0.0129105
238.6,-0.012798
238.7,-0.0126807
238.8,-0.0125587
238.9,-0.0124322
239,-0.0123012
239.1,-0.0121657
239.2,-0.0120258
239.3,-0.0118816
239.4,-0.0117332
239.5,-0.0115807
239.6,-0.011424
239.7,-0.0112634
239.8,-0.0110988
239.9,-0.0109303
240,-0.0107581
240.1,-0.0105823
240.2,-0.0104028
240.3,-0.0102198
240.4,-0.0100334
240.5,-0.0098436
240.6,-0.00965057
240.7,-0.00945439
240.8,-0.00925513
240.9,-0.00905288
241,-0.00884774
241.1,-0.0086398
241.2,-0.00842916
241.3,-0.0082159
241.4,-0.00800012
241.5,-0.00778191
241.6,-0.00756138
241.7,-0.00733862
241.8,-0.00711373
241.9,-0.0068868
242,-0.00665793
242.1,-0.00642723
242.2,-0.00619478
242.3,-0.00596069
242.4,-0.00572506
242.5,-0.00548799
242.6,-0.00524958
242.7,-0.00500992
242.8,-0.00476913
242.9,-0.00452729
243,-0.00428451
243.1,-0.0040409
243.2,-0.00379654
243.3,-0.00355155
243.4,-0.00330601
243.5,-0.00306004
243.6,-0.00281373
243.7,-0.00256718
243.8,-0.00232049
243.9,-0.00207376
244,-0.00182709
244.1,-0.00158058
244.2,-0.00133432
244.3,-0.00108842
244.4,-0.000842963
244.5,-0.000598055
244.6,-0.000353788
244.7,-0.00011026
244.8,0.000132436
244.9,0.000374205
245,0.000614953
245.1,0.00085459
245.2,0.00109302
245.3,0.00133016
245.4,0.00156591
245.5,0.00180018
245.6,0.0020329
245.7,0.00226396
245.8,0.00249328
245.9,0.00272078
246,0.00294637
246.1,0.00316998
246.2,0.00339151
246.3,0.00361088
246.4,0.00382802
246.5,0.00404285
246.6,0.00425529
246.7,0.00446526
246.8,0.00467269
246.9,0.0048775
247,0.00507963
247.1,0.00527899
247.2,0.00547553
247.3,0.00566917
247.4,0.00585984
247.5,0.00604749
247.6,0.00623204
247.7,0.00641343
247.8,0.0065916
247.9,0.0067665
248,0.00693805
248.1,0.00710622
248.2,0.00727094
248.3,0.00743216
248.4,0.00758982
248.5,0.00774388
248.6,0.00789429
248.7,0.008041
248.8,0.00818396
248.9,0.00832314
249,0.00845848
249.1,0.00858996
249.2,0.00871752
249.3,0.00884114
249.4,0.00896078
249.5,0.0090764
249.6,0.00918798
249.7,0.00929548
249.8,0.00939887
249.9,0.00949814
250,0.00959324
250.1,0.00968417
250.2,0.00977089
250.3,0.0098534
250.4,0.00993166
250.5,0.0100057
250.6,0.0100754
250.7,0.0101409
250.8,0.010202
250.9,0.0102589
251,0.0103115
251.1,0.0103597
251.2,0.0104037
251.3,0.0104433
251.4,0.0104786
251.5,0.0105095
251.6,0.0105362
251.7,0.0105585
251.8,0.0105766
251.9,0.0105903
252,0.0105998
252.1,0.010605
252.2,0.0106059
252.3,0.0106026
252.4,0.010595
252.5,0.0105833
252.6,0.0105673
252.7,0.0105472
252.8,0.0105229
252.9,0.0104945
253,0.010462
253.1,0.0104255
253.2,0.0103849
253.3,0.0103403
253.4,0.0102917
253.5,0.0102392
253.6,0.0101828
253.7,0.0101225
253.8,0.0100584
253.9,0.00999046
254,0.00991879
254.1,0.00984341
254.2,0.00976437
254.3,0.0096817
254.4,0.00959546
254.5,0.00950569
254.6,0.00941245
254.7,0.00931577
254.8,0.00921571
254.9,0.00911233
255,0.00900568
255.1,0.00889581
255.2,0.00878277
255.3,0.00866663
255.4,0.00854744
255.5,0.00842526
255.6,0.00830015
255.7,0.00817217
255.8,0.00804139
255.9,0.00790785
256,0.00777164
256.1,0.0076328
256.2,0.00749142
256.3,0.00734754
256.4,0.00720125
256.5,0.0070526
256.6,0.00690166
256.7,0.00674851
256.8,0.00659321
256.9,0.00643583
257,0.00627644
257.1,0.00611512
257.2,0.00595193
257.3,0.00578694
257.4,0.00562024
257.5,0.00545189
257.6,0.00528196
257.7,0.00511054
257.8,0.00493768
257.9,0.00476348
258,0.00458799
258.1,0.0044113
258.2,0.00423349
258.3,0.00405462
258.4,0.00387477
258.5,0.00369402
258.6,0.00351244
258.7,0.00333011
258.8,0.00314711
258.9,0.0029635
259,0.00277938
259.1,0.0025948
259.2,0.00240985
259.3,0.0022246
259.4,0.00203912
259.5,0.0018535
259.6,0.00166781
259.7,0.00148212
259.8,0.0012965
259.9,0.00111104
260,0.000925793
260.1,0.000740846
260.2,0.000556269
260.3,0.000372134
260.4,0.000188512
260.5,5.4764e-006
260.6,-0.000176903
260.7,-0.000358554
260.8,-0.000539409
260.9,-0.000719396
261,-0.000898448
261.1,-0.0010765
261.2,-0.00125347
261.3,-0.00142931
261.4,-0.00160394
261.5,-0.00177731
261.6,-0.00194933
261.7,-0.00211996
261.8,-0.00228913
261.9,-0.00245677
262,-0.00262283
262.1,-0.00278723
262.2,-0.00294994
262.3,-0.00311087
262.4,-0.00326998
262.5,-0.00342722
262.6,-0.00358251
262.7,-0.00373581
262.8,-0.00388707
262.9,-0.00403623
263,-0.00418323
263.1,-0.00432804
263.2,-0.00447059
263.3,-0.00461084
263.4,-0.00474874
263.5,-0.00488424
263.6,-0.0050173
263.7,-0.00514788
263.8,-0.00527593
263.9,-0.0054014
264,-0.00552427
264.1,-0.00564448
264.2,-0.005762
264.3,-0.00587679
264.4,-0.00598882
264.5,-0.00609805
264.6,-0.00620445
264.7,-0.00630798
264.8,-0.00640862
264.9,-0.00650633
265,-0.00660109
265.1,-0.00669286
265.2,-0.00678163
265.3,-0.00686737
265.4,-0.00695005
265.5,-0.00702965
265.6,-0.00710616
265.7,-0.00717954
265.8,-0.00724979
265.9,-0.00731689
266,-0.00738082
266.1,-0.00744157
266.2,-0.00749912
266.3,-0.00755346
266.4,-0.00760459
266.5,-0.00765249
266.6,-0.00769716
266.7,-0.00773859
266.8,-0.00777677
266.9,-0.00781171
267,-0.00784339
267.1,-0.00787183
267.2,-0.00789701
267.3,-0.00791894
267.4,-0.00793763
267.5,-0.00795307
267.6,-0.00796528
267.7,-0.00797426
267.8,-0.00798002
267.9,-0.00798256
268,-0.0079819
268.1,-0.00797805
268.2,-0.00797102
268.3,-0.00796083
268.4,-0.00794749
268.5,-0.00793103
268.6,-0.00791144
268.7,-0.00788877
268.8,-0.00786302
268.9,-0.00783422
269,-0.00780238
269.1,-0.00776755
269.2,-0.00772972
269.3,-0.00768895
269.4,-0.00764524
269.5,-0.00759864
269.6,-0.00754916
269.7,-0.00749684
269.8,-0.00744171
269.9,-0.00738381
270,-0.00732315
270.1,-0.00725979
270.2,-0.00719375
270.3,-0.00712507
270.4,-0.00705379
270.5,-0.00697994
270.6,-0.00690357
270.7,-0.00682471
270.8,-0.00674341
270.9,-0.0066597
271,-0.00657362
271.1,-0.00648523
271.2,-0.00639456
271.3,-0.00630166
271.4,-0.00620658
271.5,-0.00610935
271.6,-0.00601003
271.7,-0.00590867
271.8,-0.0058053
271.9,-0.00569999
272,-0.00559277
272.1,-0.00548371
272.2,-0.00537284
272.3,-0.00526022
272.4,-0.0051459
272.5,-0.00502994
272.6,-0.00491238
272.7,-0.00479328
272.8,-0.0046727
272.9,-0.00455067
273,-0.00442727
273.1,-0.00430254
273.2,-0.00417654
273.3,-0.00404932
273.4,-0.00392094
273.5,-0.00379145
273.6,-0.00366091
273.7,-0.00352938
273.8,-0.00339691
273.9,-0.00326356
274,-0.00312938
274.1,-0.00299443
274.2,-0.00285878
274.3,-0.00272246
274.4,-0.00258555
274.5,-0.0024481
274.6,-0.00231016
274.7,-0.00217179
274.8,-0.00203306
274.9,-0.00189401
275,-0.0017547
275.1,-0.0016152
275.2,-0.00147555
275.3,-0.00133581
275.4,-0.00119604
275.5,-0.00105629
275.6,-0.00091663
275.7,-0.000777102
275.8,-0.000637766
275.9,-0.000498676
276,-0.000359887
276.1,-0.000221454
276.2,-8.3431e-005
276.3,5.41287e-005
276.4,0.000191171
276.5,0.000327644
276.6,0.000463495
276.7,0.000598671
276.8,0.000733121
276.9,0.000866794
277,0.000999639
277.1,0.00113161
277.2,0.00126264
277.3,0.00139271
277.4,0.00152174
277.5,0.00164971
277.6,0.00177655
277.7,0.00190223
277.8,0.00202669
277.9,0.00214989
278,0.00227179
278.1,0.00239235
278.2,0.00251151
278.3,0.00262924
278.4,0.00274549
278.5,0.00286023
278.6,0.0029734
278.7,0.00308499
278.8,0.00319493
278.9,0.00330321
279,0.00340977
279.1,0.00351458
279.2,0.00361761
279.3,0.00371882
279.4,0.00381819
279.5,0.00391566
279.6,0.00401122
279.7,0.00410483
279.8,0.00419646
279.9,0.00428609
280,0.00437367
280.1,0.00445919
280.2,0.00454262
280.3,0.00462393
280.4,0.0047031
280.5,0.00478011
280.6,0.00485492
280.7,0.00492753
280.8,0.0049979
280.9,0.00506601
281,0.00513186
281.1,0.00519542
281.2,0.00525667
281.3,0.00531559
281.4,0.00537218
281.5,0.00542642
281.6,0.00547829
281.7,0.00552778
281.8,0.00557488
281.9,0.00561958
282,0.00566188
282.1,0.00570176
282.2,0.00573921
282.3,0.00577423
282.4,0.00580682
282.5,0.00583697
282.6,0.00586467
282.7,0.00588993
282.8,0.00591274
282.9,0.0059331
283,0.00595102
283.1,0.00596649
283.2,0.00597952
283.3,0.00599011
283.4,0.00599827
283.5,0.006004
283.6,0.0060073
283.7,0.00600819
283.8,0.00600668
283.9,0.00600277
284,0.00599647
284.1,0.00598779
284.2,0.00597675
284.3,0.00596336
284.4,0.00594763
284.5,0.00592958
284.6,0.00590923
284.7,0.00588658
284.8,0.00586166
284.9,0.00583449
285,0.00580507
285.1,0.00577345
285.2,0.00573962
285.3,0.00570363
285.4,0.00566548
285.5,0.0056252
285.6,0.00558282
285.7,0.00553836
285.8,0.00549184
285.9,0.00544329
286,0.00539274
286.1,0.00534021
286.2,0.00528574
286.3,0.00522935
286.4,0.00517107
286.5,0.00511093
286.6,0.00504897
286.7,0.00498521
286.8,0.00491968
286.9,0.00485242
287,0.00478346
287.1,0.00471284
287.2,0.00464059
287.3,0.00456674
287.4,0.00449133
287.5,0.00441439
287.6,0.00433596
287.7,0.00425609
287.8,0.0041748
287.9,0.00409213
288,0.00400812
288.1,0.00392281
288.2,0.00383624
288.3,0.00374845
288.4,0.00365947
288.5,0.00356935
288.6,0.00347813
288.7,0.00338584
288.8,0.00329253
288.9,0.00319824
289,0.00310301
289.1,0.00300688
289.2,0.0029099
289.3,0.0028121
289.4,0.00271353
289.5,0.00261422
289.6,0.00251423
289.7,0.0024136
289.8,0.00231236
289.9,0.00221056
290,0.00210824
290.1,0.00200545
290.2,0.00190222
290.3,0.00179861
290.4,0.00169464
290.5,0.00159038
290.6,0.00148585
290.7,0.00138111
290.8,0.00127619
290.9,0.00117114
291,0.001066
291.1,0.00096081
291.2,0.000855615
291.3,0.000750456
291.4,0.000645375
291.5,0.000540415
291.6,0.000435616
291.7,0.000331021
291.8,0.000226669
291.9,0.000122603
292,1.88621e-005
292.1,-8.45128e-005
292.2,-0.000187482
292.3,-0.000290005
292.4,-0.000392043
292.5,-0.000493557
292.6,-0.000594508
292.7,-0.000694858
292.8,-0.000794569
292.9,-0.000893603
293,-0.000991923
293.1,-0.00108949
293.2,-0.00118627
293.3,-0.00128223
293.4,-0.00137733
293.5,-0.00147154
293.6,-0.00156482
293.7,-0.00165714
293.8,-0.00174846
293.9,-0.00183876
294,-0.00192799
294.1,-0.00201613
294.2,-0.00210315
294.3,-0.00218902
294.4,-0.00227369
294.5,-0.00235716
294.6,-0.00243938
294.7,-0.00252033
294.8,-0.00259998
294.9,-0.0026783
295,-0.00275527
295.1,-0.00283086
295.2,-0.00290505
295.3,-0.00297781
295.4,-0.00304911
295.5,-0.00311894
295.6,-0.00318727
295.7,-0.00325407
295.8,-0.00331934
295.9,-0.00338304
296,-0.00344516
296.1,-0.00350568
296.2,-0.00356458
296.3,-0.00362184
296.4,-0.00367745
296.5,-0.00373138
296.6,-0.00378363
296.7,-0.00383418
296.8,-0.00388301
296.9,-0.00393011
297,-0.00397547
297.1,-0.00401908
297.2,-0.00406092
297.3,-0.00410099
297.4,-0.00413927
297.5,-0.00417576
297.6,-0.00421044
297.7,-0.00424332
297.8,-0.00427438
297.9,-0.00430363
298,-0.00433104
298.1,-0.00435662
298.2,-0.00438037
298.3,-0.00440228
298.4,-0.00442235
298.5,-0.00444058
298.6,-0.00445697
298.7,-0.00447152
298.8,-0.00448422
298.9,-0.00449509
299,-0.00450412
299.1,-0.00451131
299.2,-0.00451667
299.3,-0.00452021
299.4,-0.00452193
299.5,-0.00452183
299.6,-0.00451993
299.7,-0.00451622
299.8,-0.00451072
299.9,-0.00450343
300,-0.00449437
300.1,-0.00448355
300.2,-0.00447097
300.3,-0.00445665
300.4,-0.00444059
300.5,-0.00442282
300.6,-0.00440334
300.7,-0.00438217
300.8,-0.00435933
300.9,-0.00433482
301,-0.00430867
301.1,-0.00428089
301.2,-0.00425149
301.3,-0.0042205
301.4,-0.00418794
301.5,-0.00415382
301.6,-0.00411815
301.7,-0.00408097
301.8,-0.00404229
301.9,-0.00400214
302,-0.00396052
302.1,-0.00391747
302.2,-0.00387301
302.3,-0.00382716
302.4,-0.00377995
302.5,-0.00373139
302.6,-0.00368152
302.7,-0.00363035
302.8,-0.00357791
302.9,-0.00352424
303,-0.00346934
303.1,-0.00341326
303.2,-0.00335601
303.3,-0.00329763
303.4,-0.00323813
303.5,-0.00317756
303.6,-0.00311593
303.7,-0.00305328
303.8,-0.00298963
303.9,-0.00292502
304,-0.00285947
304.1,-0.00279301
304.2,-0.00272567
304.3,-0.00265748
304.4,-0.00258848
304.5,-0.00251869
304.6,-0.00244814
304.7,-0.00237687
304.8,-0.00230491
304.9,-0.00223228
305,-0.00215902
305.1,-0.00208516
305.2,-0.00201073
305.3,-0.00193577
305.4,-0.0018603
305.5,-0.00178436
305.6,-0.00170798
305.7,-0.00163119
305.8,-0.00155402
305.9,-0.00147651
306,-0.00139869
306.1,-0.00132059
306.2,-0.00124224
306.3,-0.00116368
306.4,-0.00108494
306.5,-0.00100604
306.6,-0.000927027
306.7,-0.000847926
306.8,-0.000768772
306.9,-0.000689595
307,-0.000610427
307.1,-0.0005313
307.2,-0.000452245
307.3,-0.000373294
307.4,-0.000294478
307.5,-0.000215827
307.6,-0.000137374
307.7,-5.9148e-005
307.8,1.88199e-005
307.9,9.64997e-005
308,0.000173861
308.1,0.000250875
308.2,0.000327511
308.3,0.00040374
308.4,0.000479533
308.5,0.000554861
308.6,0.000629696
308.7,0.00070401
308.8,0.000777775
308.9,0.000850963
309,0.000923548
309.1,0.000995501
309.2,0.0010668
309.3,0.00113741
309.4,0.00120731
309.5,0.00127648
309.6,0.00134489
309.7,0.00141252
309.8,0.00147934
309.9,0.00154532
310,0.00161045
310.1,0.0016747
310.2,0.00173805
310.3,0.00180047
310.4,0.00186196
310.5,0.00192247
310.6,0.001982
310.7,0.00204052
310.8,0.00209801
310.9,0.00215446
311,0.00220984
311.1,0.00226414
311.2,0.00231734
311.3,0.00236942
311.4,0.00242037
311.5,0.00247016
311.6,0.00251879
311.7,0.00256623
311.8,0.00261247
311.9,0.00265751
312,0.00270132
312.1,0.00274389
312.2,0.00278521
312.3,0.00282527
312.4,0.00286405
312.5,0.00290155
312.6,0.00293775
312.7,0.00297265
312.8,0.00300623
312.9,0.00303849
313,0.00306942
313.1,0.003099
313.2,0.00312725
313.3,0.00315414
313.4,0.00317967
313.5,0.00320383
313.6,0.00322663
313.7,0.00324806
313.8,0.00326811
313.9,0.00328678
314,0.00330407
314.1,0.00331997
314.2,0.00333449
314.3,0.00334762
314.4,0.00335937
314.5,0.00336973
314.6,0.00337871
314.7,0.0033863
314.8,0.00339251
314.9,0.00339734
315,0.00340079
315.1,0.00340287
315.2,0.00340359
315.3,0.00340294
315.4,0.00340093
315.5,0.00339756
315.6,0.00339285
315.7,0.0033868
315.8,0.00337942
315.9,0.00337071
316,0.00336069
316.1,0.00334935
316.2,0.00333672
316.3,0.0033228
316.4,0.0033076
316.5,0.00329113
316.6,0.0032734
316.7,0.00325443
316.8,0.00323423
316.9,0.0032128
317,0.00319017
317.1,0.00316634
317.2,0.00314133
317.3,0.00311515
317.4,0.00308782
317.5,0.00305936
317.6,0.00302977
317.7,0.00299908
317.8,0.0029673
317.9,0.00293445
318,0.00290054
318.1,0.00286559
318.2,0.00282963
318.3,0.00279266
318.4,0.0027547
318.5,0.00271579
318.6,0.00267592
318.7,0.00263513
318.8,0.00259343
318.9,0.00255085
319,0.00250739
319.1,0.00246309
319.2,0.00241797
319.3,0.00237204
319.4,0.00232532
319.5,0.00227785
319.6,0.00222963
319.7,0.0021807
319.8,0.00213107
319.9,0.00208076
320,0.00202981
320.1,0.00197823
320.2,0.00192604
320.3,0.00187326
320.4,0.00181993
320.5,0.00176607
320.6,0.00171169
320.7,0.00165682
320.8,0.00160149
320.9,0.00154571
321,0.00148952
321.1,0.00143293
321.2,0.00137598
321.3,0.00131868
321.4,0.00126105
321.5,0.00120313
321.6,0.00114494
321.7,0.0010865
321.8,0.00102784
321.9,0.000968974
322,0.000909934
322.1,0.000850742
322.2,0.000791423
322.3,0.000732002
322.4,0.000672501
322.5,0.000612946
322.6,0.000553359
322.7,0.000493766
322.8,0.00043419
322.9,0.000374655
323,0.000315184
323.1,0.000255802
323.2,0.00019653
323.3,0.000137394
323.4,7.84154e-005
323.5,1.96177e-005
323.6,-3.8976e-005
323.7,-9.73433e-005
323.8,-0.000155461
323.9,-0.000213308
324,-0.000270861
324.1,-0.000328099
324.2,-0.000385
324.3,-0.000441541
324.4,-0.000497702
324.5,-0.000553463
324.6,-0.000608801
324.7,-0.000663696
324.8,-0.000718128
324.9,-0.000772077
325,-0.000825523
325.1,-0.000878446
325.2,-0.000930827
325.3,-0.000982648
325.4,-0.00103389
325.5,-0.00108453
325.6,-0.00113456
325.7,-0.00118395
325.8,-0.00123269
325.9,-0.00128077
326,-0.00132815
326.1,-0.00137484
326.2,-0.00142081
326.3,-0.00146604
326.4,-0.00151052
326.5,-0.00155424
326.6,-0.00159719
326.7,-0.00163933
326.8,-0.00168067
326.9,-0.00172119
327,-0.00176088
327.1,-0.00179972
327.2,-0.00183769
327.3,-0.0018748
327.4,-0.00191102
327.5,-0.00194635
327.6,-0.00198077
327.7,-0.00201428
327.8,-0.00204686
327.9,-0.0020785
328,-0.0021092
328.1,-0.00213894
328.2,-0.00216772
328.3,-0.00219553
328.4,-0.00222237
328.5,-0.00224821
328.6,-0.00227307
328.7,-0.00229692
328.8,-0.00231977
328.9,-0.00234161
329,-0.00236244
329.1,-0.00238225
329.2,-0.00240103
329.3,-0.00241878
329.4,-0.0024355
329.5,-0.00245119
329.6,-0.00246584
329.7,-0.00247945
329.8,-0.00249202
329.9,-0.00250355
330,-0.00251404
330.1,-0.00252348
330.2,-0.00253188
330.3,-0.00253923
330.4,-0.00254555
330.5,-0.00255082
330.6,-0.00255505
330.7,-0.00255825
330.8,-0.00256041
330.9,-0.00256154
331,-0.00256164
331.1,-0.00256072
331.2,-0.00255877
331.3,-0.00255581
331.4,-0.00255184
331.5,-0.00254686
331.6,-0.00254088
331.7,-0.0025339
331.8,-0.00252594
331.9,-0.00251699
332,-0.00250707
332.1,-0.00249619
332.2,-0.00248434
332.3,-0.00247154
332.4,-0.0024578
332.5,-0.00244313
332.6,-0.00242753
332.7,-0.00241102
332.8,-0.0023936
332.9,-0.00237529
333,-0.00235609
333.1,-0.00233602
333.2,-0.00231509
333.3,-0.0022933
333.4,-0.00227068
333.5,-0.00224723
333.6,-0.00222297
333.7,-0.0021979
333.8,-0.00217205
333.9,-0.00214542
334,-0.00211803
334.1,-0.00208989
334.2,-0.00206101
334.3,-0.00203142
334.4,-0.00200111
334.5,-0.00197012
334.6,-0.00193845
334.7,-0.00190612
334.8,-0.00187314
334.9,-0.00183954
335,-0.00180531
335.1,-0.00177049
335.2,-0.00173509
335.3,-0.00169912
335.4,-0.0016626
335.5,-0.00162554
335.6,-0.00158797
335.7,-0.0015499
335.8,-0.00151134
335.9,-0.00147232
336,-0.00143286
336.1,-0.00139296
336.2,-0.00135264
336.3,-0.00131194
336.4,-0.00127085
336.5,-0.0012294
336.6,-0.00118761
336.7,-0.0011455
336.8,-0.00110307
336.9,-0.00106036
337,-0.00101738
337.1,-0.000974152
337.2,-0.000930685
337.3,-0.000887003
337.4,-0.000843123
337.5,-0.000799064
337.6,-0.000754844
337.7,-0.000710481
337.8,-0.000665994
337.9,-0.0006214
338,-0.000576719
338.1,-0.000531967
338.2,-0.000487164
338.3,-0.000442327
338.4,-0.000397475
338.5,-0.000352626
338.6,-0.000307796
338.7,-0.000263005
338.8,-0.00021827
338.9,-0.000173609
339,-0.000129039
339.1,-8.45778e-005
339.2,-4.0243e-005
339.3,3.94837e-006
339.4,4.79791e-005
339.5,9.1832e-005
339.6,0.00013549
339.7,0.000178937
339.8,0.000222156
339.9,0.000265131
340,0.000307845
340.1,0.000350282
340.2,0.000392426
340.3,0.000434261
340.4,0.000475772
340.5,0.000516943
340.6,0.00055776
340.7,0.000598206
340.8,0.000638267
340.9,0.000677929
341,0.000717177
341.1,0.000755997
341.2,0.000794374
341.3,0.000832296
341.4,0.000869748
341.5,0.000906718
341.6,0.000943191
341.7,0.000979156
341.8,0.0010146
341.9,0.00104951
342,0.00108388
342.1,0.00111768
342.2,0.00115092
342.3,0.00118358
342.4,0.00121565
342.5,0.00124712
342.6,0.00127797
342.7,0.0013082
342.8,0.0013378
342.9,0.00136676
343,0.00139507
343.1,0.00142271
343.2,0.00144969
343.3,0.00147599
343.4,0.00150161
343.5,0.00152653
343.6,0.00155076
343.7,0.00157427
343.8,0.00159708
343.9,0.00161916
344,0.00164051
344.1,0.00166113
344.2,0.00168101
344.3,0.00170015
344.4,0.00171854
344.5,0.00173617
344.6,0.00175305
344.7,0.00176916
344.8,0.00178451
344.9,0.00179909
345,0.0018129
345.1,0.00182594
345.2,0.00183819
345.3,0.00184967
345.4,0.00186036
345.5,0.00187028
345.6,0.00187941
345.7,0.00188775
345.8,0.00189531
345.9,0.00190208
346,0.00190807
346.1,0.00191328
346.2,0.0019177
346.3,0.00192133
346.4,0.00192419
346.5,0.00192626
346.6,0.00192756
346.7,0.00192808
346.8,0.00192783
346.9,0.00192681
347,0.00192502
347.1,0.00192247
347.2,0.00191916
347.3,0.00191509
347.4,0.00191027
347.5,0.0019047
347.6,0.0018984
347.7,0.00189135
347.8,0.00188358
347.9,0.00187507
348,0.00186585
348.1,0.00185592
348.2,0.00184528
348.3,0.00183394
348.4,0.00182191
348.5,0.00180919
348.6,0.00179579
348.7,0.00178173
348.8,0.001767
348.9,0.00175162
349,0.00173559
349.1,0.00171893
349.2,0.00170163
349.3,0.00168372
349.4,0.0016652
349.5,0.00164609
349.6,0.00162638
349.7,0.00160609
349.8,0.00158523
349.9,0.00156382
350,0.00154185
350.1,0.00151935
350.2,0.00149632
350.3,0.00147278
350.4,0.00144873
350.5,0.00142419
350.6,0.00139917
350.7,0.00137367
350.8,0.00134772
350.9,0.00132133
351,0.0012945
351.1,0.00126725
351.2,0.00123959
351.3,0.00121153
351.4,0.00118309
351.5,0.00115428
351.6,0.00112511
351.7,0.0010956
351.8,0.00106576
351.9,0.00103559
352,0.00100512
352.1,0.000974359
352.2,0.000943318
352.3,0.000912012
352.4,0.000880453
352.5,0.000848656
352.6,0.000816633
352.7,0.0007844
352.8,0.000751968
352.9,0.000719353
353,0.000686567
353.1,0.000653625
353.2,0.000620539
353.3,0.000587325
353.4,0.000553995
353.5,0.000520564
353.6,0.000487045
353.7,0.000453452
353.8,0.000419798
353.9,0.000386097
354,0.000352364
354.1,0.000318611
354.2,0.000284852
354.3,0.0002511
354.4,0.00021737
354.5,0.000183674
354.6,0.000150026
354.7,0.000116439
354.8,8.29259e-005
354.9,4.95008e-005
355,1.61761e-005
355.1,-1.7035e-005
355.2,-5.01198e-005
355.3,-8.30654e-005
355.4,-0.000115859
355.5,-0.000148489
355.6,-0.000180941
355.7,-0.000213204
355.8,-0.000245266
355.9,-0.000277115
356,-0.000308738
356.1,-0.000340123
356.2,-0.00037126
356.3,-0.000402135
356.4,-0.000432739
356.5,-0.00046306
356.6,-0.000493086
356.7,-0.000522807
356.8,-0.000552212
356.9,-0.00058129
357,-0.000610031
357.1,-0.000638424
357.2,-0.00066646
357.3,-0.000694128
357.4,-0.000721419
357.5,-0.000748323
357.6,-0.000774831
357.7,-0.000800934
357.8,-0.000826622
357.9,-0.000851887
358,-0.000876721
358.1,-0.000901114
358.2,-0.000925059
358.3,-0.000948548
358.4,-0.000971573
358.5,-0.000994127
358.6,-0.0010162
358.7,-0.00103779
358.8,-0.00105889
358.9,-0.00107948
359,-0.00109957
359.1,-0.00111915
359.2,-0.00113821
359.3,-0.00115675
359.4,-0.00117475
359.5,-0.00119223
359.6,-0.00120916
359.7,-0.00122554
359.8,-0.00124138
359.9,-0.00125667
360,-0.0012714
360.1,-0.00128556
360.2,-0.00129916
360.3,-0.00131219
360.4,-0.00132465
360.5,-0.00133654
360.6,-0.00134785
360.7,-0.00135857
360.8,-0.00136872
360.9,-0.00137828
361,-0.00138726
361.1,-0.00139565
361.2,-0.00140345
361.3,-0.00141066
361.4,-0.00141728
361.5,-0.00142331
361.6,-0.00142875
361.7,-0.0014336
361.8,-0.00143785
361.9,-0.00144152
362,-0.0014446
362.1,-0.00144708
362.2,-0.00144898
362.3,-0.0014503
362.4,-0.00145103
362.5,-0.00145117
362.6,-0.00145074
362.7,-0.00144972
362.8,-0.00144813
362.9,-0.00144597
363,-0.00144323
363.1,-0.00143993
363.2,-0.00143607
363.3,-0.00143164
363.4,-0.00142666
363.5,-0.00142112
363.6,-0.00141504
363.7,-0.00140841
363.8,-0.00140124
363.9,-0.00139354
364,-0.0013853
364.1,-0.00137655
364.2,-0.00136727
364.3,-0.00135748
364.4,-0.00134719
364.5,-0.00133639
364.6,-0.00132509
364.7,-0.00131331
364.8,-0.00130104
364.9,-0.0012883
365,-0.00127508
365.1,-0.00126141
365.2,-0.00124728
365.3,-0.0012327
365.4,-0.00121768
365.5,-0.00120223
365.6,-0.00118635
365.7,-0.00117006
365.8,-0.00115335
365.9,-0.00113625
366,-0.00111875
366.1,-0.00110087
366.2,-0.00108261
366.3,-0.00106398
366.4,-0.001045
366.5,-0.00102566
366.6,-0.00100599
366.7,-0.000985982
366.8,-0.000965653
366.9,-0.000945011
367,-0.000924066
367.1,-0.000902826
367.2,-0.000881302
367.3,-0.000859502
367.4,-0.000837437
367.5,-0.000815117
367.6,-0.000792551
367.7,-0.000769749
367.8,-0.000746721
367.9,-0.000723478
368,-0.000700029
368.1,-0.000676384
368.2,-0.000652554
368.3,-0.000628548
368.4,-0.000604378
368.5,-0.000580053
368.6,-0.000555583
368.7,-0.000530979
368.8,-0.000506252
368.9,-0.000481411
369,-0.000456466
369.1,-0.000431429
369.2,-0.00040631
369.3,-0.000381118
369.4,-0.000355865
369.5,-0.00033056
369.6,-0.000305215
369.7,-0.000279838
369.8,-0.000254441
369.9,-0.000229033
370,-0.000203625
370.1,-0.000178228
370.2,-0.00015285
370.3,-0.000127503
370.4,-0.000102195
370.5,-7.69386e-005
370.6,-5.17418e-005
370.7,-2.66151e-005
370.8,-1.56819e-006
370.9,2.33892e-005
371,4.82474e-005
371.1,7.29968e-005
371.2,9.76279e-005
371.3,0.000122131
371.4,0.000146498
371.5,0.000170718
371.6,0.000194782
371.7,0.000218682
371.8,0.000242408
371.9,0.000265953
372,0.000289305
372.1,0.000312459
372.2,0.000335403
372.3,0.000358131
372.4,0.000380634
372.5,0.000402904
372.6,0.000424932
372.7,0.000446712
372.8,0.000468234
372.9,0.000489491
373,0.000510476
373.1,0.000531181
373.2,0.000551599
373.3,0.000571723
373.4,0.000591546
373.5,0.000611061
373.6,0.000630261
373.7,0.00064914
373.8,0.000667692
373.9,0.000685909
374,0.000703787
374.1,0.000721318
374.2,0.000738498
374.3,0.000755321
374.4,0.000771781
374.5,0.000787873
374.6,0.000803593
374.7,0.000818934
374.8,0.000833892
374.9,0.000848463
375,0.000862642
375.1,0.000876425
375.2,0.000889807
375.3,0.000902786
375.4,0.000915357
375.5,0.000927516
375.6,0.000939261
375.7,0.000950587
375.8,0.000961493
375.9,0.000971975
376,0.00098203
376.1,0.000991656
376.2,0.00100085
376.3,0.00100961
376.4,0.00101794
376.5,0.00102583
376.6,0.00103328
376.7,0.00104029
376.8,0.00104686
376.9,0.00105298
377,0.00105867
377.1,0.0010639
377.2,0.0010687
377.3,0.00107305
377.4,0.00107695
377.5,0.00108041
377.6,0.00108343
377.7,0.001086
377.8,0.00108813
377.9,0.00108981
378,0.00109106
378.1,0.00109186
378.2,0.00109222
378.3,0.00109215
378.4,0.00109163
378.5,0.00109069
378.6,0.00108931
378.7,0.00108749
378.8,0.00108526
378.9,0.00108259
379,0.0010795
379.1,0.00107599
379.2,0.00107206
379.3,0.00106772
379.4,0.00106297
379.5,0.00105781
379.6,0.00105224
379.7,0.00104627
379.8,0.00103991
379.9,0.00103315
380,0.00102601
380.1,0.00101848
380.2,0.00101057
380.3,0.00100228
380.4,0.000993622
380.5,0.000984598
380.6,0.000975212
380.7,0.000965471
380.8,0.000955378
380.9,0.000944939
381,0.00093416
381.1,0.000923046
381.2,0.000911603
381.3,0.000899837
381.4,0.000887753
381.5,0.000875357
381.6,0.000862656
381.7,0.000849655
381.8,0.000836362
381.9,0.000822782
382,0.000808921
382.1,0.000794787
382.2,0.000780386
382.3,0.000765724
382.4,0.000750809
382.5,0.000735647
382.6,0.000720246
382.7,0.000704612
382.8,0.000688753
382.9,0.000672675
383,0.000656386
383.1,0.000639892
383.2,0.000623203
383.3,0.000606324
383.4,0.000589263
383.5,0.000572029
383.6,0.000554627
383.7,0.000537066
383.8,0.000519354
383.9,0.000501497
384,0.000483504
384.1,0.000465383
384.2,0.000447141
384.3,0.000428785
384.4,0.000410324
384.5,0.000391766
384.6,0.000373117
384.7,0.000354387
384.8,0.000335582
384.9,0.00031671
385,0.00029778
385.1,0.000278799
385.2,0.000259774
385.3,0.000240715
385.4,0.000221627
385.5,0.00020252
385.6,0.0001834
385.7,0.000164276
385.8,0.000145155
385.9,0.000126045
386,0.000106953
386.1,8.78872e-005
386.2,6.88548e-005
386.3,4.98633e-005
386.4,3.09203e-005
386.5,1.20331e-005
386.6,-6.79087e-006
386.7,-2.55444e-005
386.8,-4.42202e-005
386.9,-6.28111e-005
387,-8.13099e-005
387.1,-9.97096e-005
387.2,-0.000118003
387.3,-0.000136184
387.4,-0.000154244
387.5,-0.000172178
387.6,-0.000189979
387.7,-0.000207639
387.8,-0.000225153
387.9,-0.000242513
388,-0.000259714
388.1,-0.00027675
388.2,-0.000293613
388.3,-0.000310298
388.4,-0.000326799
388.5,-0.00034311
388.6,-0.000359225
388.7,-0.000375138
388.8,-0.000390844
388.9,-0.000406337
389,-0.000421611
389.1,-0.000436662
389.2,-0.000451485
389.3,-0.000466073
389.4,-0.000480422
389.5,-0.000494527
389.6,-0.000508384
389.7,-0.000521988
389.8,-0.000535334
389.9,-0.000548417
390,-0.000561235
390.1,-0.000573781
390.2,-0.000586053
390.3,-0.000598046
390.4,-0.000609757
390.5,-0.000621182
390.6,-0.000632317
390.7,-0.000643159
390.8,-0.000653705
390.9,-0.000663952
391,-0.000673896
391.1,-0.000683534
391.2,-0.000692865
391.3,-0.000701885
391.4,-0.000710591
391.5,-0.000718982
391.6,-0.000727055
391.7,-0.000734809
391.8,-0.00074224
391.9,-0.000749348
392,-0.00075613
392.1,-0.000762586
392.2,-0.000768713
392.3,-0.000774511
392.4,-0.000779978
392.5,-0.000785114
392.6,-0.000789916
392.7,-0.000794386
392.8,-0.000798522
392.9,-0.000802323
393,-0.00080579
393.1,-0.000808922
393.2,-0.00081172
393.3,-0.000814182
393.4,-0.00081631
393.5,-0.000818104
393.6,-0.000819564
393.7,-0.000820691
393.8,-0.000821486
393.9,-0.000821949
394,-0.000822081
394.1,-0.000821885
394.2,-0.00082136
394.3,-0.000820509
394.4,-0.000819333
394.5,-0.000817833
394.6,-0.000816011
394.7,-0.00081387
394.8,-0.00081141
394.9,-0.000808635
395,-0.000805547
395.1,-0.000802147
395.2,-0.000798439
395.3,-0.000794425
395.4,-0.000790107
395.5,-0.000785489
395.6,-0.000780574
395.7,-0.000775363
395.8,-0.000769862
395.9,-0.000764072
396,-0.000757998
396.1,-0.000751642
396.2,-0.000745008
396.3,-0.000738101
396.4,-0.000730923
396.5,-0.000723478
396.6,-0.000715771
396.7,-0.000707805
396.8,-0.000699585
396.9,-0.000691114
397,-0.000682398
397.1,-0.00067344
397.2,-0.000664245
397.3,-0.000654817
397.4,-0.000645161
397.5,-0.000635282
397.6,-0.000625185
397.7,-0.000614874
397.8,-0.000604354
397.9,-0.00059363
398,-0.000582707
398.1,-0.00057159
398.2,-0.000560285
398.3,-0.000548797
398.4,-0.00053713
398.5,-0.00052529
398.6,-0.000513283
398.7,-0.000501114
398.8,-0.000488788
398.9,-0.000476311
399,-0.000463688
399.1,-0.000450926
399.2,-0.000438029
399.3,-0.000425003
399.4,-0.000411854
399.5,-0.000398588
399.6,-0.00038521
399.7,-0.000371726
399.8,-0.000358142
399.9,-0.000344463
400,-0.000330696
400.1,-0.000316847
400.2,-0.00030292
400.3,-0.000288922
400.4,-0.00027486
400.5,-0.000260738
400.6,-0.000246562
400.7,-0.000232339
400.8,-0.000218074
400.9,-0.000203773
401,-0.000189442
401.1,-0.000175088
401.2,-0.000160714
401.3,-0.000146328
401.4,-0.000131936
401.5,-0.000117542
401.6,-0.000103153
401.7,-8.87751e-005
401.8,-7.44132e-005
401.9,-6.00731e-005
402,-4.57607e-005
402.1,-3.14814e-005
402.2,-1.7241e-005
402.3,-3.04497e-006
402.4,1.11012e-005
402.5,2.5192e-005
402.6,3.9222e-005
402.7,5.31858e-005
402.8,6.7078e-005
402.9,8.08934e-005
403,9.46267e-005
403.1,0.000108273
403.2,0.000121826
403.3,0.000135282
403.4,0.000148636
403.5,0.000161882
403.6,0.000175015
403.7,0.000188032
403.8,0.000200926
403.9,0.000213693
404,0.000226329
404.1,0.000238829
404.2,0.000251189
404.3,0.000263403
404.4,0.000275468
404.5,0.00028738
404.6,0.000299133
404.7,0.000310725
404.8,0.000322151
404.9,0.000333406
405,0.000344488
405.1,0.000355392
405.2,0.000366115
405.3,0.000376652
405.4,0.000387001
405.5,0.000397158
405.6,0.00040712
405.7,0.000416883
405.8,0.000426444
405.9,0.0004358
406,0.000444948
406.1,0.000453885
406.2,0.000462608
406.3,0.000471115
406.4,0.000479403
406.5,0.000487469
406.6,0.000495311
406.7,0.000502927
406.8,0.000510314
406.9,0.000517471
407,0.000524394
407.1,0.000531083
407.2,0.000537536
407.3,0.00054375
407.4,0.000549725
407.5,0.000555458
407.6,0.000560948
407.7,0.000566194
407.8,0.000571195
407.9,0.000575949
408,0.000580456
408.1,0.000584714
408.2,0.000588723
408.3,0.000592482
408.4,0.000595991
408.5,0.000599249
408.6,0.000602255
408.7,0.000605009
408.8,0.000607512
408.9,0.000609762
409,0.000611761
409.1,0.000613508
409.2,0.000615003
409.3,0.000616246
409.4,0.000617239
409.5,0.000617981
409.6,0.000618473
409.7,0.000618716
409.8,0.000618711
409.9,0.000618458
410,0.000617959
410.1,0.000617214
410.2,0.000616226
410.3,0.000614994
410.4,0.000613521
410.5,0.000611807
410.6,0.000609855
410.7,0.000607666
410.8,0.000605242
410.9,0.000602585
411,0.000599696
411.1,0.000596578
411.2,0.000593232
411.3,0.000589661
411.4,0.000585867
411.5,0.000581852
411.6,0.000577619
411.7,0.00057317
411.8,0.000568508
411.9,0.000563636
412,0.000558555
412.1,0.000553269
412.2,0.000547781
412.3,0.000542094
412.4,0.00053621
412.5,0.000530133
412.6,0.000523866
412.7,0.000517412
412.8,0.000510774
412.9,0.000503956
413,0.00049696
413.1,0.000489791
413.2,0.000482452
413.3,0.000474947
413.4,0.000467278
413.5,0.00045945
413.6,0.000451467
413.7,0.000443331
413.8,0.000435048
413.9,0.00042662
414,0.000418052
414.1,0.000409348
414.2,0.000400511
414.3,0.000391546
414.4,0.000382457
414.5,0.000373247
414.6,0.000363922
414.7,0.000354484
414.8,0.000344938
414.9,0.000335289
415,0.00032554
415.1,0.000315696
415.2,0.000305762
415.3,0.000295741
415.4,0.000285637
415.5,0.000275456
415.6,0.000265201
415.7,0.000254878
415.8,0.000244489
415.9,0.00023404
416,0.000223535
416.1,0.000212978
416.2,0.000202374
416.3,0.000191727
416.4,0.000181042
416.5,0.000170323
416.6,0.000159575
416.7,0.000148801
416.8,0.000138007
416.9,0.000127196
417,0.000116373
417.1,0.000105543
417.2,9.47097e-005
417.3,8.38773e-005
417.4,7.30503e-005
417.5,6.22332e-005
417.6,5.143e-005
417.7,4.06452e-005
417.8,2.9883e-005
417.9,1.91475e-005
418,8.44304e-006
418.1,-2.22627e-006
418.2,-1.28563e-005
418.3,-2.34429e-005
418.4,-3.3982e-005
418.5,-4.44696e-005
418.6,-5.49016e-005
418.7,-6.52741e-005
418.8,-7.55832e-005
418.9,-8.58249e-005
419,-9.59954e-005
419.1,-0.000106091
419.2,-0.000116108
419.3,-0.000126042
419.4,-0.00013589
419.5,-0.000145648
419.6,-0.000155313
419.7,-0.000164881
419.8,-0.000174348
419.9,-0.000183712
420,-0.000192969
420.1,-0.000202115
420.2,-0.000211147
420.3,-0.000220062
420.4,-0.000228857
420.5,-0.000237529
420.6,-0.000246075
420.7,-0.000254491
420.8,-0.000262776
420.9,-0.000270925
421,-0.000278937
421.1,-0.000286808
421.2,-0.000294537
421.3,-0.000302119
421.4,-0.000309554
421.5,-0.000316838
421.6,-0.000323969
421.7,-0.000330945
421.8,-0.000337763
421.9,-0.000344421
422,-0.000350918
422.1,-0.000357251
422.2,-0.000363419
422.3,-0.000369418
422.4,-0.000375249
422.5,-0.000380908
422.6,-0.000386395
422.7,-0.000391707
422.8,-0.000396844
422.9,-0.000401803
423,-0.000406584
423.1,-0.000411184
423.2,-0.000415604
423.3,-0.000419842
423.4,-0.000423896
423.5,-0.000427767
423.6,-0.000431452
423.7,-0.000434951
423.8,-0.000438264
423.9,-0.00044139
424,-0.000444328
424.1,-0.000447077
424.2,-0.000449638
424.3,-0.000452009
424.4,-0.000454192
424.5,-0.000456185
424.6,-0.000457988
424.7,-0.000459601
424.8,-0.000461025
424.9,-0.000462259
425,-0.000463304
425.1,-0.00046416
425.2,-0.000464827
425.3,-0.000465306
425.4,-0.000465597
425.5,-0.000465701
425.6,-0.000465618
425.7,-0.000465349
425.8,-0.000464895
425.9,-0.000464256
426,-0.000463434
426.1,-0.00046243
426.2,-0.000461245
426.3,-0.000459879
426.4,-0.000458334
426.5,-0.000456611
426.6,-0.000454712
426.7,-0.000452638
426.8,-0.00045039
426.9,-0.00044797
427,-0.00044538
427.1,-0.000442621
427.2,-0.000439695
427.3,-0.000436603
427.4,-0.000433348
427.5,-0.000429932
427.6,-0.000426355
427.7,-0.000422621
427.8,-0.000418731
427.9,-0.000414688
428,-0.000410494
428.1,-0.00040615
428.2,-0.00040166
428.3,-0.000397025
428.4,-0.000392248
428.5,-0.000387331
428.6,-0.000382278
428.7,-0.000377089
428.8,-0.000371768
428.9,-0.000366318
429,-0.00036074
429.1,-0.000355039
429.2,-0.000349216
429.3,-0.000343274
429.4,-0.000337217
429.5,-0.000331046
429.6,-0.000324765
429.7,-0.000318377
429.8,-0.000311884
429.9,-0.000305291
430,-0.000298598
430.1,-0.000291811
430.2,-0.000284931
430.3,-0.000277961
430.4,-0.000270906
430.5,-0.000263768
430.6,-0.00025655
430.7,-0.000249255
430.8,-0.000241887
430.9,-0.000234449
431,-0.000226944
431.1,-0.000219375
431.2,-0.000211745
431.3,-0.000204058
431.4,-0.000196317
431.5,-0.000188526
431.6,-0.000180687
431.7,-0.000172804
431.8,-0.000164881
431.9,-0.00015692
432,-0.000148925
432.1,-0.000140899
432.2,-0.000132845
432.3,-0.000124768
432.4,-0.00011667
432.5,-0.000108554
432.6,-0.000100424
432.7,-9.22827e-005
432.8,-8.41342e-005
432.9,-7.59813e-005
433,-6.78274e-005
433.1,-5.96757e-005
433.2,-5.15294e-005
433.3,-4.33919e-005
433.4,-3.52663e-005
433.5,-2.71559e-005
433.6,-1.90638e-005
433.7,-1.09932e-005
433.8,-2.9473e-006
433.9,5.07085e-006
434,1.30581e-005
434.1,2.10114e-005
434.2,2.89276e-005
434.3,3.68038e-005
434.4,4.46369e-005
434.5,5.24239e-005
434.6,6.0162e-005
434.7,6.78481e-005
434.8,7.54794e-005
434.9,8.3053e-005
435,9.05662e-005
435.1,9.80161e-005
435.2,0.0001054
435.3,0.000112715
435.4,0.000119959
435.5,0.000127128
435.6,0.000134221
435.7,0.000141235
435.8,0.000148167
435.9,0.000155015
436,0.000161776
436.1,0.000168448
436.2,0.000175029
436.3,0.000181516
436.4,0.000187907
436.5,0.0001942
436.6,0.000200392
436.7,0.000206482
436.8,0.000212468
436.9,0.000218347
437,0.000224117
437.1,0.000229777
437.2,0.000235325
437.3,0.000240759
437.4,0.000246077
437.5,0.000251277
437.6,0.000256358
437.7,0.000261318
437.8,0.000266156
437.9,0.00027087
438,0.000275458
438.1,0.00027992
438.2,0.000284254
438.3,0.000288459
438.4,0.000292533
438.5,0.000296475
438.6,0.000300285
438.7,0.00030396
438.8,0.000307501
438.9,0.000310907
439,0.000314175
439.1,0.000317306
439.2,0.000320299
439.3,0.000323153
439.4,0.000325868
439.5,0.000328442
439.6,0.000330876
439.7,0.000333169
439.8,0.00033532
439.9,0.000337329
440,0.000339196
440.1,0.000340921
440.2,0.000342503
440.3,0.000343942
440.4,0.000345239
440.5,0.000346393
440.6,0.000347404
440.7,0.000348273
440.8,0.000348999
440.9,0.000349583
441,0.000350025
441.1,0.000350325
441.2,0.000350484
441.3,0.000350502
441.4,0.000350381
441.5,0.000350119
441.6,0.000349718
441.7,0.000349179
441.8,0.000348502
441.9,0.000347689
442,0.000346739
442.1,0.000345653
442.2,0.000344434
442.3,0.000343081
442.4,0.000341595
442.5,0.000339979
442.6,0.000338232
442.7,0.000336356
442.8,0.000334353
442.9,0.000332222
443,0.000329967
443.1,0.000327588
443.2,0.000325086
443.3,0.000322464
443.4,0.000319721
443.5,0.000316861
443.6,0.000313884
443.7,0.000310793
443.8,0.000307588
443.9,0.000304272
444,0.000300846
444.1,0.000297312
444.2,0.000293671
444.3,0.000289927
444.4,0.00028608
444.5,0.000282132
444.6,0.000278086
444.7,0.000273943
444.8,0.000269705
444.9,0.000265375
445,0.000260954
445.1,0.000256445
445.2,0.000251849
445.3,0.000247169
445.4,0.000242408
445.5,0.000237566
445.6,0.000232647
445.7,0.000227652
445.8,0.000222584
445.9,0.000217446
446,0.000212239
446.1,0.000206966
446.2,0.000201629
446.3,0.000196231
446.4,0.000190773
446.5,0.000185259
446.6,0.000179691
446.7,0.000174071
446.8,0.000168401
446.9,0.000162685
447,0.000156924
447.1,0.000151121
447.2,0.000145278
447.3,0.000139398
447.4,0.000133484
447.5,0.000127538
447.6,0.000121562
447.7,0.000115559
447.8,0.000109531
447.9,0.000103481
448,9.74118e-005
448.1,9.13252e-005
448.2,8.52241e-005
448.3,7.91108e-005
448.4,7.29879e-005
448.5,6.68578e-005
448.6,6.07231e-005
448.7,5.45862e-005
448.8,4.84495e-005
448.9,4.23155e-005
449,3.61867e-005
449.1,3.00655e-005
449.2,2.39543e-005
449.3,1.78555e-005
449.4,1.17715e-005
449.5,5.70469e-006
449.6,-3.42541e-007
449.7,-6.36786e-006
449.8,-1.23689e-005
449.9,-1.83435e-005
450,-2.42892e-005
450.1,-3.02037e-005
450.2,-3.60849e-005
450.3,-4.19305e-005
450.4,-4.77383e-005
450.5,-5.35061e-005
450.6,-5.92317e-005
450.7,-6.4913e-005
450.8,-7.05478e-005
450.9,-7.61342e-005
451,-8.167e-005
451.1,-8.71532e-005
451.2,-9.25818e-005
451.3,-9.79539e-005
451.4,-0.000103267
451.5,-0.00010852
451.6,-0.000113711
451.7,-0.000118838
451.8,-0.000123898
451.9,-0.000128891
452,-0.000133815
452.1,-0.000138667
452.2,-0.000143446
452.3,-0.00014815
452.4,-0.000152779
452.5,-0.000157329
452.6,-0.0001618
452.7,-0.000166191
452.8,-0.000170499
452.9,-0.000174723
453,-0.000178863
453.1,-0.000182916
453.2,-0.000186881
453.3,-0.000190757
453.4,-0.000194543
453.5,-0.000198237
453.6,-0.000201839
453.7,-0.000205347
453.8,-0.00020876
453.9,-0.000212078
454,-0.000215299
454.1,-0.000218422
454.2,-0.000221446
454.3,-0.000224371
454.4,-0.000227196
454.5,-0.000229919
454.6,-0.000232541
454.7,-0.000235061
454.8,-0.000237477
454.9,-0.00023979
455,-0.000241998
455.1,-0.000244102
455.2,-0.0002461
455.3,-0.000247993
455.4,-0.00024978
455.5,-0.00025146
455.6,-0.000253034
455.7,-0.000254501
455.8,-0.000255861
455.9,-0.000257113
456,-0.000258259
456.1,-0.000259297
456.2,-0.000260227
456.3,-0.00026105
456.4,-0.000261765
456.5,-0.000262374
456.6,-0.000262875
456.7,-0.000263269
456.8,-0.000263556
456.9,-0.000263737
457,-0.000263812
457.1,-0.000263781
457.2,-0.000263645
457.3,-0.000263404
457.4,-0.000263058
457.5,-0.000262608
457.6,-0.000262055
457.7,-0.000261399
457.8,-0.000260641
457.9,-0.000259781
458,-0.00025882
458.1,-0.00025776
458.2,-0.0002566
458.3,-0.000255341
458.4,-0.000253985
458.5,-0.000252533
458.6,-0.000250984
458.7,-0.000249341
458.8,-0.000247604
458.9,-0.000245774
459,-0.000243852
459.1,-0.00024184
459.2,-0.000239738
459.3,-0.000237548
459.4,-0.000235271
459.5,-0.000232907
459.6,-0.00023046
459.7,-0.000227928
459.8,-0.000225315
459.9,-0.000222621
460,-0.000219848
460.1,-0.000216997
460.2,-0.000214069
460.3,-0.000211066
460.4,-0.00020799
460.5,-0.000204841
460.6,-0.000201622
460.7,-0.000198334
460.8,-0.000194978
460.9,-0.000191556
461,-0.00018807
461.1,-0.000184521
461.2,-0.000180912
461.3,-0.000177243
461.4,-0.000173516
461.5,-0.000169733
461.6,-0.000165896
461.7,-0.000162007
461.8,-0.000158066
461.9,-0.000154077
462,-0.00015004
462.1,-0.000145958
462.2,-0.000141832
462.3,-0.000137664
462.4,-0.000133457
462.5,-0.000129211
462.6,-0.000124928
462.7,-0.000120611
462.8,-0.000116262
462.9,-0.000111881
463,-0.000107472
463.1,-0.000103035
463.2,-9.85731e-005
463.3,-9.40879e-005
463.4,-8.95811e-005
463.5,-8.50548e-005
463.6,-8.05108e-005
463.7,-7.59509e-005
463.8,-7.1377e-005
463.9,-6.67911e-005
464,-6.21949e-005
464.1,-5.75904e-005
464.2,-5.29795e-005
464.3,-4.83639e-005
464.4,-4.37457e-005
464.5,-3.91265e-005
464.6,-3.45084e-005
464.7,-2.9893e-005
464.8,-2.52823e-005
464.9,-2.06781e-005
465,-1.60822e-005
465.1,-1.14965e-005
465.2,-6.9226e-006
465.3,-2.36242e-006
465.4,2.18228e-006
465.5,6.70975e-006
465.6,1.12182e-005
465.7,1.5706e-005
465.8,2.01713e-005
465.9,2.46125e-005
466,2.90279e-005
466.1,3.34157e-005
466.2,3.77744e-005
466.3,4.21023e-005
466.4,4.63977e-005
466.5,5.06592e-005
466.6,5.4885e-005
466.7,5.90737e-005
466.8,6.32236e-005
466.9,6.73334e-005
467,7.14014e-005
467.1,7.54262e-005
467.2,7.94063e-005
467.3,8.33403e-005
467.4,8.72269e-005
467.5,9.10645e-005
467.6,9.4852e-005
467.7,9.85878e-005
467.8,0.000102271
467.9,0.0001059
468,0.000109473
468.1,0.00011299
468.2,0.000116449
468.3,0.000119848
468.4,0.000123188
468.5,0.000126466
468.6,0.000129682
468.7,0.000132835
468.8,0.000135923
468.9,0.000138945
469,0.000141901
469.1,0.00014479
469.2,0.000147611
469.3,0.000150362
469.4,0.000153043
469.5,0.000155653
469.6,0.000158192
469.7,0.000160658
469.8,0.000163051
469.9,0.00016537
470,0.000167615
470.1,0.000169784
470.2,0.000171878
470.3,0.000173896
470.4,0.000175837
470.5,0.0001777
470.6,0.000179486
470.7,0.000181193
470.8,0.000182822
470.9,0.000184372
471,0.000185842
471.1,0.000187233
471.2,0.000188544
471.3,0.000189775
471.4,0.000190925
471.5,0.000191995
471.6,0.000192984
471.7,0.000193893
471.8,0.000194721
471.9,0.000195467
472,0.000196133
472.1,0.000196719
472.2,0.000197223
472.3,0.000197646
472.4,0.00019799
472.5,0.000198252
472.6,0.000198434
472.7,0.000198537
472.8,0.000198559
472.9,0.000198502
473,0.000198366
473.1,0.000198151
473.2,0.000197858
473.3,0.000197486
473.4,0.000197037
473.5,0.00019651
473.6,0.000195907
473.7,0.000195228
473.8,0.000194473
473.9,0.000193643
474,0.000192738
474.1,0.00019176
474.2,0.000190709
474.3,0.000189584
474.4,0.000188389
474.5,0.000187122
474.6,0.000185785
474.7,0.000184378
474.8,0.000182903
474.9,0.000181359
475,0.000179749
475.1,0.000178073
475.2,0.000176331
475.3,0.000174526
475.4,0.000172657
475.5,0.000170725
475.6,0.000168732
475.7,0.000166679
475.8,0.000164567
475.9,0.000162397
476,0.000160169
476.1,0.000157885
476.2,0.000155546
476.3,0.000153154
476.4,0.000150709
476.5,0.000148212
476.6,0.000145665
476.7,0.000143069
476.8,0.000140425
476.9,0.000137735
477,0.000134999
477.1,0.000132219
477.2,0.000129396
477.3,0.000126531
477.4,0.000123626
477.5,0.000120682
477.6,0.000117701
477.7,0.000114683
477.8,0.00011163
477.9,0.000108544
478,0.000105425
478.1,0.000102275
478.2,9.90956e-005
478.3,9.5888e-005
478.4,9.26536e-005
478.5,8.93938e-005
478.6,8.611e-005
478.7,8.28036e-005
478.8,7.94759e-005
478.9,7.61284e-005
479,7.27626e-005
479.1,6.93797e-005
479.2,6.59813e-005
479.3,6.25687e-005
479.4,5.91434e-005
479.5,5.57067e-005
479.6,5.22601e-005
479.7,4.88051e-005
479.8,4.53429e-005
479.9,4.18751e-005
480,3.8403e-005
480.1,3.49281e-005
480.2,3.14517e-005
480.3,2.79752e-005
480.4,2.45e-005
480.5,2.10276e-005
480.6,1.75592e-005
480.7,1.40964e-005
480.8,1.06403e-005
480.9,7.19243e-006
481,3.75409e-006
481.1,3.26627e-007
481.2,-3.08863e-006
481.3,-6.49035e-006
481.4,-9.87723e-006
481.5,-1.3248e-005
481.6,-1.66013e-005
481.7,-1.99359e-005
481.8,-2.32505e-005
481.9,-2.65439e-005
482,-2.98148e-005
482.1,-3.3062e-005
482.2,-3.62843e-005
482.3,-3.94804e-005
482.4,-4.26493e-005
482.5,-4.57897e-005
482.6,-4.89005e-005
482.7,-5.19805e-005
482.8,-5.50287e-005
482.9,-5.80439e-005
483,-6.10249e-005
483.1,-6.39709e-005
483.2,-6.68807e-005
483.3,-6.97532e-005
483.4,-7.25875e-005
483.5,-7.53825e-005
483.6,-7.81374e-005
483.7,-8.0851e-005
483.8,-8.35226e-005
483.9,-8.61511e-005
484,-8.87357e-005
484.1,-9.12755e-005
484.2,-9.37696e-005
484.3,-9.62173e-005
484.4,-9.86177e-005
484.5,-0.00010097
484.6,-0.000103273
484.7,-0.000105527
484.8,-0.000107731
484.9,-0.000109883
485,-0.000111984
485.1,-0.000114032
485.2,-0.000116028
485.3,-0.00011797
485.4,-0.000119857
485.5,-0.00012169
485.6,-0.000123468
485.7,-0.00012519
485.8,-0.000126855
485.9,-0.000128464
486,-0.000130016
486.1,-0.00013151
486.2,-0.000132946
486.3,-0.000134324
486.4,-0.000135643
486.5,-0.000136903
486.6,-0.000138103
486.7,-0.000139245
486.8,-0.000140326
486.9,-0.000141347
487,-0.000142308
487.1,-0.000143209
487.2,-0.000144049
487.3,-0.000144829
487.4,-0.000145548
487.5,-0.000146206
487.6,-0.000146803
487.7,-0.000147339
487.8,-0.000147815
487.9,-0.000148229
488,-0.000148583
488.1,-0.000148876
488.2,-0.000149109
488.3,-0.000149281
488.4,-0.000149393
488.5,-0.000149444
488.6,-0.000149436
488.7,-0.000149368
488.8,-0.00014924
488.9,-0.000149053
489,-0.000148807
489.1,-0.000148503
489.2,-0.00014814
489.3,-0.000147719
489.4,-0.000147241
489.5,-0.000146705
489.6,-0.000146113
489.7,-0.000145465
489.8,-0.00014476
489.9,-0.000144
490,-0.000143186
490.1,-0.000142317
490.2,-0.000141394
490.3,-0.000140418
490.4,-0.000139389
490.5,-0.000138308
490.6,-0.000137176
490.7,-0.000135993
490.8,-0.00013476
490.9,-0.000133478
491,-0.000132146
491.1,-0.000130767
491.2,-0.00012934
491.3,-0.000127867
491.4,-0.000126348
491.5,-0.000124784
491.6,-0.000123175
491.7,-0.000121523
491.8,-0.000119828
491.9,-0.000118092
492,-0.000116314
492.1,-0.000114497
492.2,-0.00011264
492.3,-0.000110745
492.4,-0.000108812
492.5,-0.000106843
492.6,-0.000104838
492.7,-0.000102798
492.8,-0.000100725
492.9,-9.86183e-005
493,-9.64802e-005
493.1,-9.43112e-005
493.2,-9.21123e-005
493.3,-8.98844e-005
493.4,-8.76286e-005
493.5,-8.53459e-005
493.6,-8.30372e-005
493.7,-8.07037e-005
493.8,-7.83463e-005
493.9,-7.5966e-005
494,-7.35639e-005
494.1,-7.1141e-005
494.2,-6.86984e-005
494.3,-6.62371e-005
494.4,-6.37582e-005
494.5,-6.12627e-005
494.6,-5.87517e-005
494.7,-5.62262e-005
494.8,-5.36873e-005
494.9,-5.11361e-005
495,-4.85736e-005
495.1,-4.60009e-005
495.2,-4.34191e-005
495.3,-4.08292e-005
495.4,-3.82322e-005
495.5,-3.56294e-005
495.6,-3.30216e-005
495.7,-3.04101e-005
495.8,-2.77958e-005
495.9,-2.51797e-005
496,-2.2563e-005
496.1,-1.99467e-005
496.2,-1.73319e-005
496.3,-1.47195e-005
496.4,-1.21107e-005
496.5,-9.50637e-006
496.6,-6.90764e-006
496.7,-4.3155e-006
496.8,-1.73096e-006
496.9,8.44961e-007
497,3.41127e-006
497.1,5.96698e-006
497.2,8.5111e-006
497.3,1.10427e-005
497.4,1.35607e-005
497.5,1.60642e-005
497.6,1.85523e-005
497.7,2.1024e-005
497.8,2.34785e-005
497.9,2.59146e-005
498,2.83317e-005
498.1,3.07287e-005
498.2,3.31048e-005
498.3,3.54591e-005
498.4,3.77907e-005
498.5,4.00989e-005
498.6,4.23827e-005
498.7,4.46413e-005
498.8,4.68739e-005
498.9,4.90797e-005
499,5.1258e-005
499.1,5.34079e-005
499.2,5.55287e-005
499.3,5.76197e-005
499.4,5.968e-005
499.5,6.17091e-005
499.6,6.37063e-005
499.7,6.56707e-005
499.8,6.76018e-005
499.9,6.94989e-005
500,7.13614e-005
500.1,7.31886e-005
500.2,7.498e-005
500.3,7.67349e-005
500.4,7.84528e-005
500.5,8.01332e-005
500.6,8.17754e-005
500.7,8.33791e-005
500.8,8.49436e-005
500.9,8.64685e-005
501,8.79533e-005
501.1,8.93976e-005
501.2,9.08009e-005
501.3,9.21629e-005
501.4,9.34831e-005
501.5,9.47611e-005
501.6,9.59967e-005
501.7,9.71894e-005
501.8,9.83389e-005
501.9,9.9445e-005
502,0.000100507
502.1,0.000101526
502.2,0.0001025
502.3,0.000103429
502.4,0.000104314
502.5,0.000105154
502.6,0.000105948
502.7,0.000106698
502.8,0.000107402
502.9,0.000108061
503,0.000108674
503.1,0.000109241
503.2,0.000109763
503.3,0.000110239
503.4,0.000110669
503.5,0.000111053
503.6,0.000111391
503.7,0.000111684
503.8,0.000111931
503.9,0.000112132
504,0.000112288
504.1,0.000112398
504.2,0.000112463
504.3,0.000112483
504.4,0.000112457
504.5,0.000112387
504.6,0.000112272
504.7,0.000112112
504.8,0.000111909
504.9,0.000111661
505,0.000111369
505.1,0.000111034
505.2,0.000110656
505.3,0.000110235
505.4,0.000109771
505.5,0.000109265
505.6,0.000108717
505.7,0.000108128
505.8,0.000107497
505.9,0.000106826
506,0.000106114
506.1,0.000105363
506.2,0.000104572
506.3,0.000103742
506.4,0.000102874
506.5,0.000101967
506.6,0.000101023
506.7,0.000100042
506.8,9.90249e-005
506.9,9.79715e-005
507,9.68827e-005
507.1,9.57591e-005
507.2,9.46013e-005
507.3,9.34097e-005
507.4,9.21851e-005
507.5,9.0928e-005
507.6,8.96391e-005
507.7,8.8319e-005
507.8,8.69682e-005
507.9,8.55876e-005
508,8.41777e-005
508.1,8.27392e-005
508.2,8.12728e-005
508.3,7.97791e-005
508.4,7.82589e-005
508.5,7.67129e-005
508.6,7.51418e-005
508.7,7.35463e-005
508.8,7.19271e-005
508.9,7.02849e-005
509,6.86205e-005
509.1,6.69347e-005
509.2,6.52282e-005
509.3,6.35018e-005
509.4,6.17561e-005
509.5,5.9992e-005
509.6,5.82103e-005
509.7,5.64117e-005
509.8,5.45971e-005
509.9,5.27671e-005
510,5.09226e-005
510.1,4.90644e-005
510.2,4.71932e-005
510.3,4.53099e-005
510.4,4.34153e-005
510.5,4.15101e-005
510.6,3.95951e-005
510.7,3.76713e-005
510.8,3.57392e-005
510.9,3.37999e-005
511,3.1854e-005
511.1,2.99023e-005
511.2,2.79457e-005
511.3,2.5985e-005
511.4,2.4021e-005
511.5,2.20544e-005
511.6,2.00861e-005
511.7,1.81168e-005
511.8,1.61474e-005
511.9,1.41786e-005
512,1.22112e-005
512.1,1.0246e-005
512.2,8.2838e-006
512.3,6.32534e-006
512.4,4.37141e-006
512.5,2.42275e-006
512.6,4.80146e-007
512.7,-1.45566e-006
512.8,-3.38391e-006
512.9,-5.30387e-006
513,-7.2148e-006
513.1,-9.11596e-006
513.2,-1.10066e-005
513.3,-1.28861e-005
513.4,-1.47536e-005
513.5,-1.66085e-005
513.6,-1.84501e-005
513.7,-2.02777e-005
513.8,-2.20906e-005
513.9,-2.38881e-005
514,-2.56697e-005
514.1,-2.74345e-005
514.2,-2.9182e-005
514.3,-3.09115e-005
514.4,-3.26224e-005
514.5,-3.43142e-005
514.6,-3.59861e-005
514.7,-3.76376e-005
514.8,-3.92681e-005
514.9,-4.0877e-005
515,-4.24638e-005
515.1,-4.40279e-005
515.2,-4.55687e-005
515.3,-4.70858e-005
515.4,-4.85786e-005
515.5,-5.00466e-005
515.6,-5.14892e-005
515.7,-5.29061e-005
515.8,-5.42967e-005
515.9,-5.56606e-005
516,-5.69973e-005
516.1,-5.83064e-005
516.2,-5.95875e-005
516.3,-6.08401e-005
516.4,-6.20639e-005
516.5,-6.32584e-005
516.6,-6.44234e-005
516.7,-6.55583e-005
516.8,-6.6663e-005
516.9,-6.7737e-005
517,-6.87801e-005
517.1,-6.97919e-005
517.2,-7.07721e-005
517.3,-7.17205e-005
517.4,-7.26368e-005
517.5,-7.35208e-005
517.6,-7.43721e-005
517.7,-7.51907e-005
517.8,-7.59762e-005
517.9,-7.67285e-005
518,-7.74474e-005
518.1,-7.81327e-005
518.2,-7.87843e-005
518.3,-7.94021e-005
518.4,-7.99858e-005
518.5,-8.05355e-005
518.6,-8.1051e-005
518.7,-8.15322e-005
518.8,-8.19791e-005
518.9,-8.23915e-005
519,-8.27695e-005
519.1,-8.31131e-005
519.2,-8.34221e-005
519.3,-8.36967e-005
519.4,-8.39368e-005
519.5,-8.41425e-005
519.6,-8.43138e-005
519.7,-8.44507e-005
519.8,-8.45534e-005
519.9,-8.46219e-005
520,-8.46562e-005
520.1,-8.46566e-005
520.2,-8.46232e-005
520.3,-8.4556e-005
520.4,-8.44552e-005
520.5,-8.4321e-005
520.6,-8.41535e-005
520.7,-8.3953e-005
520.8,-8.37197e-005
520.9,-8.34537e-005
521,-8.31552e-005
521.1,-8.28246e-005
521.2,-8.2462e-005
521.3,-8.20678e-005
521.4,-8.16421e-005
521.5,-8.11854e-005
521.6,-8.06978e-005
521.7,-8.01796e-005
521.8,-7.96313e-005
521.9,-7.90531e-005
522,-7.84453e-005
522.1,-7.78084e-005
522.2,-7.71426e-005
522.3,-7.64484e-005
522.4,-7.57261e-005
522.5,-7.49761e-005
522.6,-7.41988e-005
522.7,-7.33946e-005
522.8,-7.25639e-005
522.9,-7.17073e-005
523,-7.0825e-005
523.1,-6.99176e-005
523.2,-6.89854e-005
523.3,-6.80291e-005
523.4,-6.70489e-005
523.5,-6.60455e-005
523.6,-6.50193e-005
523.7,-6.39707e-005
523.8,-6.29004e-005
523.9,-6.18087e-005
524,-6.06963e-005
524.1,-5.95635e-005
524.2,-5.84111e-005
524.3,-5.72394e-005
524.4,-5.6049e-005
524.5,-5.48405e-005
524.6,-5.36144e-005
524.7,-5.23713e-005
524.8,-5.11117e-005
524.9,-4.98362e-005
525,-4.85453e-005
525.1,-4.72397e-005
525.2,-4.59199e-005
525.3,-4.45864e-005
525.4,-4.324e-005
525.5,-4.1881e-005
525.6,-4.05103e-005
525.7,-3.91282e-005
525.8,-3.77355e-005
525.9,-3.63327e-005
526,-3.49204e-005
526.1,-3.34992e-005
526.2,-3.20698e-005
526.3,-3.06327e-005
526.4,-2.91884e-005
526.5,-2.77378e-005
526.6,-2.62812e-005
526.7,-2.48194e-005
526.8,-2.33529e-005
526.9,-2.18823e-005
527,-2.04083e-005
527.1,-1.89314e-005
527.2,-1.74523e-005
527.3,-1.59715e-005
527.4,-1.44897e-005
527.5,-1.30073e-005
527.6,-1.15252e-005
527.7,-1.00437e-005
527.8,-8.5636e-006
527.9,-7.08537e-006
528,-5.60963e-006
528.1,-4.13696e-006
528.2,-2.66793e-006
528.3,-1.20313e-006
528.4,2.56882e-007
528.5,1.71153e-006
528.6,3.16027e-006
528.7,4.60252e-006
528.8,6.03773e-006
528.9,7.46537e-006
529,8.88488e-006
529.1,1.02957e-005
529.2,1.16974e-005
529.3,1.30893e-005
529.4,1.4471e-005
529.5,1.58419e-005
529.6,1.72015e-005
529.7,1.85494e-005
529.8,1.9885e-005
529.9,2.12078e-005
530,2.25174e-005
530.1,2.38133e-005
530.2,2.5095e-005
530.3,2.6362e-005
530.4,2.76139e-005
530.5,2.88503e-005
530.6,3.00707e-005
530.7,3.12746e-005
530.8,3.24617e-005
530.9,3.36316e-005
531,3.47838e-005
531.1,3.59179e-005
531.2,3.70336e-005
531.3,3.81304e-005
531.4,3.9208e-005
531.5,4.02661e-005
531.6,4.13043e-005
531.7,4.23222e-005
531.8,4.33195e-005
531.9,4.42959e-005
532,4.52511e-005
532.1,4.61847e-005
532.2,4.70965e-005
532.3,4.79861e-005
532.4,4.88534e-005
532.5,4.9698e-005
532.6,5.05197e-005
532.7,5.13182e-005
532.8,5.20934e-005
532.9,5.28448e-005
533,5.35725e-005
533.1,5.42761e-005
533.2,5.49554e-005
533.3,5.56104e-005
533.4,5.62407e-005
533.5,5.68463e-005
533.6,5.74269e-005
533.7,5.79825e-005
533.8,5.85129e-005
533.9,5.90179e-005
534,5.94976e-005
534.1,5.99517e-005
534.2,6.03802e-005
534.3,6.0783e-005
534.4,6.11601e-005
534.5,6.15113e-005
534.6,6.18367e-005
534.7,6.21361e-005
534.8,6.24096e-005
534.9,6.26572e-005
535,6.28788e-005
535.1,6.30745e-005
535.2,6.32442e-005
535.3,6.33881e-005
535.4,6.3506e-005
535.5,6.35981e-005
535.6,6.36645e-005
535.7,6.37051e-005
535.8,6.37202e-005
535.9,6.37096e-005
536,6.36737e-005
536.1,6.36124e-005
536.2,6.35258e-005
536.3,6.34142e-005
536.4,6.32776e-005
536.5,6.31162e-005
536.6,6.29301e-005
536.7,6.27195e-005
536.8,6.24846e-005
536.9,6.22256e-005
537,6.19425e-005
537.1,6.16358e-005
537.2,6.13055e-005
537.3,6.09518e-005
537.4,6.0575e-005
537.5,6.01754e-005
537.6,5.97531e-005
537.7,5.93085e-005
537.8,5.88417e-005
537.9,5.83531e-005
538,5.78429e-005
538.1,5.73113e-005
538.2,5.67588e-005
538.3,5.61856e-005
538.4,5.55919e-005
538.5,5.49782e-005
538.6,5.43447e-005
538.7,5.36917e-005
538.8,5.30195e-005
538.9,5.23286e-005
539,5.16193e-005
539.1,5.08919e-005
539.2,5.01467e-005
539.3,4.93841e-005
539.4,4.86046e-005
539.5,4.78084e-005
539.6,4.69959e-005
539.7,4.61676e-005
539.8,4.53238e-005
539.9,4.44649e-005
540,4.35913e-005
540.1,4.27034e-005
540.2,4.18016e-005
540.3,4.08864e-005
540.4,3.9958e-005
540.5,3.90171e-005
540.6,3.80639e-005
540.7,3.7099e-005
540.8,3.61226e-005
540.9,3.51354e-005
541,3.41376e-005
541.1,3.31298e-005
541.2,3.21123e-005
541.3,3.10857e-005
541.4,3.00503e-005
541.5,2.90067e-005
541.6,2.79551e-005
541.7,2.68962e-005
541.8,2.58304e-005
541.9,2.4758e-005
542,2.36796e-005
542.1,2.25957e-005
542.2,2.15066e-005
542.3,2.04128e-005
542.4,1.93147e-005
542.5,1.82129e-005
542.6,1.71078e-005
542.7,1.59998e-005
542.8,1.48894e-005
542.9,1.37771e-005
543,1.26632e-005
543.1,1.15483e-005
543.2,1.04328e-005
543.3,9.31712e-006
543.4,8.20173e-006
543.5,7.08708e-006
543.6,5.97361e-006
543.7,4.86175e-006
543.8,3.75196e-006
543.9,2.64466e-006
544,1.54028e-006
544.1,4.39267e-007
544.2,-6.5796e-007
544.3,-1.75097e-006
544.4,-2.83935e-006
544.5,-3.92267e-006
544.6,-5.00053e-006
544.7,-6.0725e-006
544.8,-7.13819e-006
544.9,-8.19719e-006
545,-9.24909e-006
545.1,-1.02935e-005
545.2,-1.133e-005
545.3,-1.23583e-005
545.4,-1.3378e-005
545.5,-1.43886e-005
545.6,-1.53898e-005
545.7,-1.63812e-005
545.8,-1.73626e-005
545.9,-1.83334e-005
546,-1.92934e-005
546.1,-2.02423e-005
546.2,-2.11796e-005
546.3,-2.21051e-005
546.4,-2.30185e-005
546.5,-2.39193e-005
546.6,-2.48073e-005
546.7,-2.56822e-005
546.8,-2.65437e-005
546.9,-2.73914e-005
547,-2.82252e-005
547.1,-2.90446e-005
547.2,-2.98495e-005
547.3,-3.06396e-005
547.4,-3.14145e-005
547.5,-3.21741e-005
547.6,-3.29181e-005
547.7,-3.36462e-005
547.8,-3.43583e-005
547.9,-3.5054e-005
548,-3.57333e-005
548.1,-3.63958e-005
548.2,-3.70413e-005
548.3,-3.76697e-005
548.4,-3.82808e-005
548.5,-3.88744e-005
548.6,-3.94502e-005
548.7,-4.00083e-005
548.8,-4.05483e-005
548.9,-4.10701e-005
549,-4.15737e-005
549.1,-4.20588e-005
549.2,-4.25253e-005
549.3,-4.29732e-005
549.4,-4.34022e-005
549.5,-4.38123e-005
549.6,-4.42035e-005
549.7,-4.45755e-005
549.8,-4.49284e-005
549.9,-4.5262e-005
550,-4.55763e-005
550.1,-4.58713e-005
550.2,-4.61469e-005
550.3,-4.6403e-005
550.4,-4.66396e-005
550.5,-4.68567e-005
550.6,-4.70543e-005
550.7,-4.72323e-005
550.8,-4.73909e-005
550.9,-4.75299e-005
551,-4.76493e-005
551.1,-4.77493e-005
551.2,-4.78299e-005
551.3,-4.7891e-005
551.4,-4.79327e-005
551.5,-4.79551e-005
551.6,-4.79583e-005
551.7,-4.79422e-005
551.8,-4.7907e-005
551.9,-4.78528e-005
552,-4.77797e-005
552.1,-4.76877e-005
552.2,-4.7577e-005
552.3,-4.74476e-005
552.4,-4.72997e-005
552.5,-4.71334e-005
552.6,-4.69489e-005
552.7,-4.67463e-005
552.8,-4.65256e-005
552.9,-4.62872e-005
553,-4.60311e-005
553.1,-4.57576e-005
553.2,-4.54667e-005
553.3,-4.51586e-005
553.4,-4.48336e-005
553.5,-4.44919e-005
553.6,-4.41336e-005
553.7,-4.37589e-005
553.8,-4.33681e-005
553.9,-4.29613e-005
554,-4.25388e-005
554.1,-4.21008e-005
554.2,-4.16475e-005
554.3,-4.11793e-005
554.4,-4.06962e-005
554.5,-4.01986e-005
554.6,-3.96867e-005
554.7,-3.91608e-005
554.8,-3.86211e-005
554.9,-3.80679e-005
555,-3.75014e-005
555.1,-3.6922e-005
555.2,-3.63299e-005
555.3,-3.57255e-005
555.4,-3.51089e-005
555.5,-3.44804e-005
555.6,-3.38405e-005
555.7,-3.31893e-005
555.8,-3.25272e-005
555.9,-3.18545e-005
556,-3.11714e-005
556.1,-3.04783e-005
556.2,-2.97755e-005
556.3,-2.90634e-005
556.4,-2.83422e-005
556.5,-2.76122e-005
556.6,-2.68739e-005
556.7,-2.61274e-005
556.8,-2.53732e-005
556.9,-2.46115e-005
557,-2.38428e-005
557.1,-2.30672e-005
557.2,-2.22853e-005
557.3,-2.14972e-005
557.4,-2.07034e-005
557.5,-1.99041e-005
557.6,-1.90998e-005
557.7,-1.82907e-005
557.8,-1.74773e-005
557.9,-1.66597e-005
558,-1.58384e-005
558.1,-1.50138e-005
558.2,-1.41861e-005
558.3,-1.33558e-005
558.4,-1.2523e-005
558.5,-1.16883e-005
558.6,-1.08519e-005
558.7,-1.00141e-005
558.8,-9.17541e-006
558.9,-8.33603e-006
559,-7.49634e-006
559.1,-6.65667e-006
559.2,-5.81736e-006
559.3,-4.97875e-006
559.4,-4.14117e-006
559.5,-3.30494e-006
559.6,-2.4704e-006
559.7,-1.63788e-006
559.8,-8.07699e-007
559.9,1.98148e-008
560,8.44342e-007
560.1,1.66556e-006
560.2,2.48316e-006
560.3,3.29682e-006
560.4,4.10624e-006
560.5,4.9111e-006
560.6,5.71109e-006
560.7,6.50592e-006
560.8,7.29529e-006
560.9,8.0789e-006
561,8.85645e-006
561.1,9.62767e-006
561.2,1.03923e-005
561.3,1.11499e-005
561.4,1.19004e-005
561.5,1.26434e-005
561.6,1.33787e-005
561.7,1.4106e-005
561.8,1.48251e-005
561.9,1.55356e-005
562,1.62373e-005
562.1,1.69301e-005
562.2,1.76135e-005
562.3,1.82875e-005
562.4,1.89517e-005
562.5,1.96059e-005
562.6,2.025e-005
562.7,2.08836e-005
562.8,2.15066e-005
562.9,2.21187e-005
563,2.27198e-005
563.1,2.33096e-005
563.2,2.3888e-005
563.3,2.44548e-005
563.4,2.50097e-005
563.5,2.55527e-005
563.6,2.60834e-005
563.7,2.66018e-005
563.8,2.71077e-005
563.9,2.7601e-005
564,2.80814e-005
564.1,2.85489e-005
564.2,2.90032e-005
564.3,2.94443e-005
564.4,2.98721e-005
564.5,3.02864e-005
564.6,3.0687e-005
564.7,3.1074e-005
564.8,3.14471e-005
564.9,3.18063e-005
565,3.21515e-005
565.1,3.24826e-005
565.2,3.27995e-005
565.3,3.31021e-005
565.4,3.33904e-005
565.5,3.36643e-005
565.6,3.39238e-005
565.7,3.41687e-005
565.8,3.43991e-005
565.9,3.46149e-005
566,3.48161e-005
566.1,3.50027e-005
566.2,3.51746e-005
566.3,3.53317e-005
566.4,3.54742e-005
566.5,3.5602e-005
566.6,3.57151e-005
566.7,3.58135e-005
566.8,3.58972e-005
566.9,3.59662e-005
567,3.60206e-005
567.1,3.60605e-005
567.2,3.60857e-005
567.3,3.60964e-005
567.4,3.60927e-005
567.5,3.60745e-005
567.6,3.60419e-005
567.7,3.59951e-005
567.8,3.5934e-005
567.9,3.58588e-005
568,3.57695e-005
568.1,3.56662e-005
568.2,3.5549e-005
568.3,3.5418e-005
568.4,3.52733e-005
568.5,3.51151e-005
568.6,3.49433e-005
568.7,3.47582e-005
568.8,3.45599e-005
568.9,3.43484e-005
569,3.4124e-005
569.1,3.38867e-005
569.2,3.36368e-005
569.3,3.33742e-005
569.4,3.30993e-005
569.5,3.28121e-005
569.6,3.25128e-005
569.7,3.22017e-005
569.8,3.18787e-005
569.9,3.15441e-005
570,3.11982e-005
570.1,3.0841e-005
570.2,3.04727e-005
570.3,3.00936e-005
570.4,2.97039e-005
570.5,2.93036e-005
570.6,2.88931e-005
570.7,2.84724e-005
570.8,2.80419e-005
570.9,2.76018e-005
571,2.71522e-005
571.1,2.66933e-005
571.2,2.62254e-005
571.3,2.57487e-005
571.4,2.52635e-005
571.5,2.47698e-005
571.6,2.42681e-005
571.7,2.37584e-005
571.8,2.32411e-005
571.9,2.27163e-005
572,2.21843e-005
572.1,2.16454e-005
572.2,2.10998e-005
572.3,2.05477e-005
572.4,1.99893e-005
572.5,1.9425e-005
572.6,1.88549e-005
572.7,1.82794e-005
572.8,1.76986e-005
572.9,1.71128e-005
573,1.65222e-005
573.1,1.59272e-005
573.2,1.5328e-005
573.3,1.47248e-005
573.4,1.41179e-005
573.5,1.35075e-005
573.6,1.28939e-005
573.7,1.22773e-005
573.8,1.16581e-005
573.9,1.10364e-005
574,1.04126e-005
574.1,9.78679e-006
574.2,9.15936e-006
574.3,8.53053e-006
574.4,7.90055e-006
574.5,7.26967e-006
574.6,6.63816e-006
574.7,6.00627e-006
574.8,5.37425e-006
574.9,4.74235e-006
575,4.11083e-006
575.1,3.47994e-006
575.2,2.84993e-006
575.3,2.22105e-006
575.4,1.59355e-006
575.5,9.67664e-007
575.6,3.43646e-007
575.7,-2.78263e-007
575.8,-8.97822e-007
575.9,-1.51479e-006
576,-2.12893e-006
576.1,-2.74001e-006
576.2,-3.3478e-006
576.3,-3.95205e-006
576.4,-4.55255e-006
576.5,-5.14907e-006
576.6,-5.74138e-006
576.7,-6.32926e-006
576.8,-6.9125e-006
576.9,-7.49087e-006
577,-8.06416e-006
577.1,-8.63216e-006
577.2,-9.19466e-006
577.3,-9.75146e-006
577.4,-1.03024e-005
577.5,-1.08471e-005
577.6,-1.13856e-005
577.7,-1.19176e-005
577.8,-1.2443e-005
577.9,-1.29614e-005
578,-1.34728e-005
578.1,-1.3977e-005
578.2,-1.44737e-005
578.3,-1.49629e-005
578.4,-1.54443e-005
578.5,-1.59179e-005
578.6,-1.63833e-005
578.7,-1.68406e-005
578.8,-1.72894e-005
578.9,-1.77297e-005
579,-1.81613e-005
579.1,-1.85842e-005
579.2,-1.8998e-005
579.3,-1.94028e-005
579.4,-1.97983e-005
579.5,-2.01845e-005
579.6,-2.05613e-005
579.7,-2.09285e-005
579.8,-2.12859e-005
579.9,-2.16336e-005
580,-2.19714e-005
580.1,-2.22991e-005
580.2,-2.26168e-005
580.3,-2.29243e-005
580.4,-2.32215e-005
580.5,-2.35083e-005
580.6,-2.37847e-005
580.7,-2.40506e-005
580.8,-2.43059e-005
580.9,-2.45506e-005
581,-2.47845e-005
581.1,-2.50077e-005
581.2,-2.52202e-005
581.3,-2.54217e-005
581.4,-2.56124e-005
581.5,-2.57921e-005
581.6,-2.59609e-005
581.7,-2.61186e-005
581.8,-2.62654e-005
581.9,-2.64011e-005
582,-2.65258e-005
582.1,-2.66394e-005
582.2,-2.6742e-005
582.3,-2.68334e-005
582.4,-2.69139e-005
582.5,-2.69832e-005
582.6,-2.70416e-005
582.7,-2.70889e-005
582.8,-2.71251e-005
582.9,-2.71505e-005
583,-2.71648e-005
583.1,-2.71683e-005
583.2,-2.71608e-005
583.3,-2.71425e-005
583.4,-2.71135e-005
583.5,-2.70737e-005
583.6,-2.70232e-005
583.7,-2.69621e-005
583.8,-2.68904e-005
583.9,-2.68082e-005
584,-2.67156e-005
584.1,-2.66126e-005
584.2,-2.64994e-005
584.3,-2.63759e-005
584.4,-2.62424e-005
584.5,-2.60989e-005
584.6,-2.59454e-005
584.7,-2.57821e-005
584.8,-2.56091e-005
584.9,-2.54264e-005
585,-2.52342e-005
585.1,-2.50327e-005
585.2,-2.48218e-005
585.3,-2.46018e-005
585.4,-2.43728e-005
585.5,-2.41348e-005
585.6,-2.3888e-005
585.7,-2.36325e-005
585.8,-2.33685e-005
585.9,-2.30961e-005
586,-2.28155e-005
586.1,-2.25267e-005
586.2,-2.223e-005
586.3,-2.19254e-005
586.4,-2.16132e-005
586.5,-2.12935e-005
586.6,-2.09664e-005
586.7,-2.0632e-005
586.8,-2.02907e-005
586.9,-1.99424e-005
587,-1.95874e-005
587.1,-1.92259e-005
587.2,-1.88579e-005
587.3,-1.84838e-005
587.4,-1.81036e-005
587.5,-1.77175e-005
587.6,-1.73258e-005
587.7,-1.69285e-005
587.8,-1.65258e-005
587.9,-1.61181e-005
588,-1.57053e-005
588.1,-1.52877e-005
588.2,-1.48655e-005
588.3,-1.44389e-005
588.4,-1.40081e-005
588.5,-1.35732e-005
588.6,-1.31345e-005
588.7,-1.2692e-005
588.8,-1.22461e-005
588.9,-1.17969e-005
589,-1.13446e-005
589.1,-1.08894e-005
589.2,-1.04314e-005
589.3,-9.97097e-006
589.4,-9.50818e-006
589.5,-9.04325e-006
589.6,-8.57638e-006
589.7,-8.10776e-006
589.8,-7.63758e-006
589.9,-7.16604e-006
590,-6.69333e-006
590.1,-6.21964e-006
590.2,-5.74518e-006
590.3,-5.27012e-006
590.4,-4.79466e-006
590.5,-4.319e-006
590.6,-3.84333e-006
590.7,-3.36782e-006
590.8,-2.89269e-006
590.9,-2.4181e-006
591,-1.94426e-006
591.1,-1.47135e-006
591.2,-9.99546e-007
591.3,-5.29045e-007
591.4,-6.00254e-008
591.5,4.0733e-007
591.6,8.72839e-007
591.7,1.33632e-006
591.8,1.79761e-006
591.9,2.25651e-006
592,2.71285e-006
592.1,3.16647e-006
592.2,3.61719e-006
592.3,4.06484e-006
592.4,4.50926e-006
592.5,4.95026e-006
592.6,5.38771e-006
592.7,5.82142e-006
592.8,6.25124e-006
592.9,6.67701e-006
593,7.09858e-006
593.1,7.5158e-006
593.2,7.9285e-006
593.3,8.33655e-006
593.4,8.73979e-006
593.5,9.13809e-006
593.6,9.5313e-006
593.7,9.91927e-006
593.8,1.03019e-005
593.9,1.0679e-005
594,1.10505e-005
594.1,1.14162e-005
594.2,1.17761e-005
594.3,1.21299e-005
594.4,1.24776e-005
594.5,1.28191e-005
594.6,1.31542e-005
594.7,1.34829e-005
594.8,1.38049e-005
594.9,1.41203e-005
595,1.44289e-005
595.1,1.47306e-005
595.2,1.50254e-005
595.3,1.53131e-005
595.4,1.55936e-005
595.5,1.58668e-005
595.6,1.61328e-005
595.7,1.63913e-005
595.8,1.66423e-005
595.9,1.68858e-005
596,1.71217e-005
596.1,1.73498e-005
596.2,1.75702e-005
596.3,1.77828e-005
596.4,1.79875e-005
596.5,1.81842e-005
596.6,1.8373e-005
596.7,1.85537e-005
596.8,1.87264e-005
596.9,1.8891e-005
597,1.90474e-005
597.1,1.91956e-005
597.2,1.93356e-005
597.3,1.94674e-005
597.4,1.95909e-005
597.5,1.97062e-005
597.6,1.98131e-005
597.7,1.99117e-005
597.8,2.0002e-005
597.9,2.0084e-005
598,2.01577e-005
598.1,2.0223e-005
598.2,2.028e-005
598.3,2.03287e-005
598.4,2.03691e-005
598.5,2.04011e-005
598.6,2.0425e-005
598.7,2.04405e-005
598.8,2.04478e-005
598.9,2.04469e-005
599,2.04379e-005
599.1,2.04207e-005
599.2,2.03954e-005
599.3,2.0362e-005
599.4,2.03206e-005
599.5,2.02712e-005
599.6,2.02139e-005
599.7,2.01487e-005
599.8,2.00757e-005
599.9,1.99949e-005
600,1.99064e-005
600.1,1.98103e-005
600.2,1.97066e-005
600.3,1.95954e-005
600.4,1.94767e-005
600.5,1.93507e-005
600.6,1.92174e-005
600.7,1.90769e-005
600.8,1.89292e-005
600.9,1.87745e-005
601,1.86129e-005
601.1,1.84444e-005
601.2,1.82691e-005
601.3,1.80872e-005
601.4,1.78987e-005
601.5,1.77037e-005
601.6,1.75023e-005
601.7,1.72946e-005
601.8,1.70808e-005
601.9,1.68609e-005
602,1.66351e-005
602.1,1.64034e-005
602.2,1.6166e-005
602.3,1.59229e-005
602.4,1.56744e-005
602.5,1.54205e-005
602.6,1.51614e-005
602.7,1.48971e-005
602.8,1.46278e-005
602.9,1.43536e-005
603,1.40747e-005
603.1,1.37912e-005
603.2,1.35031e-005
603.3,1.32107e-005
603.4,1.29141e-005
603.5,1.26133e-005
603.6,1.23086e-005
603.7,1.20001e-005
603.8,1.16879e-005
603.9,1.13721e-005
604,1.10529e-005
604.1,1.07305e-005
604.2,1.04049e-005
604.3,1.00763e-005
604.4,9.74488e-006
604.5,9.41075e-006
604.6,9.07407e-006
604.7,8.73496e-006
604.8,8.39358e-006
604.9,8.05007e-006
605,7.70458e-006
605.1,7.35725e-006
605.2,7.00823e-006
605.3,6.65766e-006
605.4,6.30569e-006
605.5,5.95247e-006
605.6,5.59813e-006
605.7,5.24284e-006
605.8,4.88672e-006
605.9,4.52993e-006
606,4.17262e-006
606.1,3.81492e-006
606.2,3.45698e-006
606.3,3.09895e-006
606.4,2.74097e-006
606.5,2.38318e-006
606.6,2.02572e-006
606.7,1.66874e-006
606.8,1.31238e-006
606.9,9.5678e-007
607,6.02075e-007
607.1,2.48406e-007
607.2,-1.0409e-007
607.3,-4.55274e-007
607.4,-8.05013e-007
607.5,-1.15317e-006
607.6,-1.49961e-006
607.7,-1.84421e-006
607.8,-2.18683e-006
607.9,-2.52733e-006
608,-2.86561e-006
608.1,-3.20152e-006
608.2,-3.53493e-006
608.3,-3.86574e-006
608.4,-4.19381e-006
608.5,-4.51901e-006
608.6,-4.84124e-006
608.7,-5.16038e-006
608.8,-5.4763e-006
608.9,-5.78889e-006
609,-6.09804e-006
609.1,-6.40364e-006
609.2,-6.70558e-006
609.3,-7.00375e-006
609.4,-7.29804e-006
609.5,-7.58836e-006
609.6,-7.87459e-006
609.7,-8.15665e-006
609.8,-8.43442e-006
609.9,-8.70783e-006
610,-8.97676e-006
610.1,-9.24114e-006
610.2,-9.50087e-006
610.3,-9.75586e-006
610.4,-1.0006e-005
610.5,-1.02513e-005
610.6,-1.04916e-005
610.7,-1.07268e-005
610.8,-1.09569e-005
610.9,-1.11818e-005
611,-1.14014e-005
611.1,-1.16156e-005
611.2,-1.18244e-005
611.3,-1.20278e-005
611.4,-1.22256e-005
611.5,-1.24178e-005
611.6,-1.26043e-005
611.7,-1.27851e-005
611.8,-1.29602e-005
611.9,-1.31294e-005
612,-1.32928e-005
612.1,-1.34503e-005
612.2,-1.36018e-005
612.3,-1.37474e-005
612.4,-1.38869e-005
612.5,-1.40204e-005
612.6,-1.41478e-005
612.7,-1.4269e-005
612.8,-1.43841e-005
612.9,-1.44931e-005
613,-1.45958e-005
613.1,-1.46924e-005
613.2,-1.47827e-005
613.3,-1.48668e-005
613.4,-1.49446e-005
613.5,-1.50162e-005
613.6,-1.50815e-005
613.7,-1.51406e-005
613.8,-1.51934e-005
613.9,-1.52399e-005
614,-1.52801e-005
614.1,-1.53141e-005
614.2,-1.53419e-005
614.3,-1.53634e-005
614.4,-1.53787e-005
614.5,-1.53877e-005
614.6,-1.53906e-005
614.7,-1.53873e-005
614.8,-1.53779e-005
614.9,-1.53624e-005
615,-1.53408e-005
615.1,-1.53131e-005
615.2,-1.52794e-005
615.3,-1.52397e-005
615.4,-1.5194e-005
615.5,-1.51424e-005
615.6,-1.5085e-005
615.7,-1.50217e-005
615.8,-1.49527e-005
615.9,-1.48779e-005
616,-1.47975e-005
616.1,-1.47114e-005
616.2,-1.46197e-005
616.3,-1.45225e-005
616.4,-1.44199e-005
616.5,-1.43118e-005
616.6,-1.41985e-005
616.7,-1.40798e-005
616.8,-1.3956e-005
616.9,-1.3827e-005
617,-1.36929e-005
617.1,-1.35539e-005
617.2,-1.34099e-005
617.3,-1.32611e-005
617.4,-1.31075e-005
617.5,-1.29492e-005
617.6,-1.27863e-005
617.7,-1.26189e-005
617.8,-1.24471e-005
617.9,-1.22709e-005
618,-1.20904e-005
618.1,-1.19057e-005
618.2,-1.17169e-005
618.3,-1.15241e-005
618.4,-1.13274e-005
618.5,-1.11269e-005
618.6,-1.09227e-005
618.7,-1.07148e-005
618.8,-1.05033e-005
618.9,-1.02885e-005
619,-1.00703e-005
619.1,-9.84883e-006
619.2,-9.62425e-006
619.3,-9.39662e-006
619.4,-9.16605e-006
619.5,-8.93264e-006
619.6,-8.6965e-006
619.7,-8.45774e-006
619.8,-8.21645e-006
619.9,-7.97274e-006
620,-7.72672e-006
620.1,-7.47849e-006
620.2,-7.22817e-006
620.3,-6.97586e-006
620.4,-6.72166e-006
620.5,-6.4657e-006
620.6,-6.20806e-006
620.7,-5.94887e-006
620.8,-5.68824e-006
620.9,-5.42627e-006
621,-5.16307e-006
621.1,-4.89875e-006
621.2,-4.63342e-006
621.3,-4.3672e-006
621.4,-4.10019e-006
621.5,-3.8325e-006
621.6,-3.56424e-006
621.7,-3.29552e-006
621.8,-3.02645e-006
621.9,-2.75713e-006
622,-2.48769e-006
622.1,-2.21821e-006
622.2,-1.94883e-006
622.3,-1.67963e-006
622.4,-1.41073e-006
622.5,-1.14223e-006
622.6,-8.74242e-007
622.7,-6.0687e-007
622.8,-3.40217e-007
622.9,-7.43881e-008
623,1.90514e-007
623.1,4.54385e-007
623.2,7.17125e-007
623.3,9.78633e-007
623.4,1.23881e-006
623.5,1.49755e-006
623.6,1.75476e-006
623.7,2.01035e-006
623.8,2.2642e-006
623.9,2.51625e-006
624,2.76637e-006
624.1,3.01449e-006
624.2,3.26051e-006
624.3,3.50434e-006
624.4,3.74589e-006
624.5,3.98508e-006
624.6,4.2218e-006
624.7,4.45599e-006
624.8,4.68755e-006
624.9,4.9164e-006
625,5.14247e-006
625.1,5.36566e-006
625.2,5.5859e-006
625.3,5.80311e-006
625.4,6.01723e-006
625.5,6.22816e-006
625.6,6.43584e-006
625.7,6.6402e-006
625.8,6.84117e-006
625.9,7.03868e-006
626,7.23266e-006
626.1,7.42306e-006
626.2,7.60979e-006
626.3,7.79281e-006
626.4,7.97206e-006
626.5,8.14747e-006
626.6,8.31899e-006
626.7,8.48656e-006
626.8,8.65014e-006
626.9,8.80967e-006
627,8.9651e-006
627.1,9.11638e-006
627.2,9.26348e-006
627.3,9.40633e-006
627.4,9.54492e-006
627.5,9.67918e-006
627.6,9.80909e-006
627.7,9.93461e-006
627.8,1.00557e-005
627.9,1.01723e-005
628,1.02845e-005
628.1,1.03921e-005
628.2,1.04952e-005
628.3,1.05937e-005
628.4,1.06876e-005
628.5,1.07769e-005
628.6,1.08616e-005
628.7,1.09416e-005
628.8,1.1017e-005
628.9,1.10877e-005
629,1.11537e-005
629.1,1.1215e-005
629.2,1.12716e-005
629.3,1.13234e-005
629.4,1.13706e-005
629.5,1.14131e-005
629.6,1.14508e-005
629.7,1.14838e-005
629.8,1.15121e-005
629.9,1.15357e-005
630,1.15546e-005
630.1,1.15688e-005
630.2,1.15783e-005
630.3,1.15831e-005
630.4,1.15833e-005
630.5,1.15789e-005
630.6,1.15699e-005
630.7,1.15562e-005
630.8,1.1538e-005
630.9,1.15153e-005
631,1.1488e-005
631.1,1.14562e-005
631.2,1.14199e-005
631.3,1.13792e-005
631.4,1.13342e-005
631.5,1.12847e-005
631.6,1.12309e-005
631.7,1.11728e-005
631.8,1.11104e-005
631.9,1.10438e-005
632,1.09731e-005
632.1,1.08982e-005
632.2,1.08192e-005
632.3,1.07362e-005
632.4,1.06492e-005
632.5,1.05582e-005
632.6,1.04633e-005
632.7,1.03646e-005
632.8,1.02621e-005
632.9,1.01559e-005
633,1.0046e-005
633.1,9.93245e-006
633.2,9.81535e-006
633.3,9.69475e-006
633.4,9.5707e-006
633.5,9.44327e-006
633.6,9.31252e-006
633.7,9.17852e-006
633.8,9.04133e-006
633.9,8.90101e-006
634,8.75764e-006
634.1,8.61128e-006
634.2,8.46201e-006
634.3,8.30989e-006
634.4,8.15499e-006
634.5,7.99739e-006
634.6,7.83715e-006
634.7,7.67436e-006
634.8,7.50909e-006
634.9,7.3414e-006
635,7.17138e-006
635.1,6.99911e-006
635.2,6.82466e-006
635.3,6.6481e-006
635.4,6.46952e-006
635.5,6.289e-006
635.6,6.10661e-006
635.7,5.92244e-006
635.8,5.73655e-006
635.9,5.54905e-006
636,5.36e-006
636.1,5.16948e-006
636.2,4.97758e-006
636.3,4.78439e-006
636.4,4.58997e-006
636.5,4.39442e-006
636.6,4.19782e-006
636.7,4.00024e-006
636.8,3.80177e-006
636.9,3.6025e-006
637,3.40251e-006
637.1,3.20187e-006
637.2,3.00068e-006
637.3,2.79901e-006
637.4,2.59694e-006
637.5,2.39457e-006
637.6,2.19196e-006
637.7,1.98921e-006
637.8,1.78639e-006
637.9,1.58359e-006
638,1.38088e-006
638.1,1.17836e-006
638.2,9.76086e-007
638.3,7.74153e-007
638.4,5.72638e-007
638.5,3.71618e-007
638.6,1.71174e-007
638.7,-2.86166e-008
638.8,-2.27677e-007
638.9,-4.25929e-007
639,-6.23298e-007
639.1,-8.19707e-007
639.2,-1.01508e-006
639.3,-1.20934e-006
639.4,-1.40243e-006
639.5,-1.59425e-006
639.6,-1.78475e-006
639.7,-1.97385e-006
639.8,-2.16147e-006
639.9,-2.34756e-006
640,-2.53204e-006
640.1,-2.71484e-006
640.2,-2.89589e-006
640.3,-3.07514e-006
640.4,-3.25251e-006
640.5,-3.42794e-006
640.6,-3.60137e-006
640.7,-3.77274e-006
640.8,-3.94198e-006
640.9,-4.10903e-006
641,-4.27384e-006
641.1,-4.43634e-006
641.2,-4.59649e-006
641.3,-4.75422e-006
641.4,-4.90948e-006
641.5,-5.06221e-006
641.6,-5.21238e-006
641.7,-5.35991e-006
641.8,-5.50478e-006
641.9,-5.64691e-006
642,-5.78628e-006
642.1,-5.92283e-006
642.2,-6.05653e-006
642.3,-6.18731e-006
642.4,-6.31515e-006
642.5,-6.44001e-006
642.6,-6.56184e-006
642.7,-6.68061e-006
642.8,-6.79627e-006
642.9,-6.9088e-006
643,-7.01817e-006
643.1,-7.12433e-006
643.2,-7.22726e-006
643.3,-7.32693e-006
643.4,-7.42331e-006
643.5,-7.51637e-006
643.6,-7.60609e-006
643.7,-7.69245e-006
643.8,-7.77542e-006
643.9,-7.85498e-006
644,-7.93111e-006
644.1,-8.00379e-006
644.2,-8.07301e-006
644.3,-8.13876e-006
644.4,-8.20101e-006
644.5,-8.25975e-006
644.6,-8.31498e-006
644.7,-8.36669e-006
644.8,-8.41486e-006
644.9,-8.45949e-006
645,-8.50058e-006
645.1,-8.53813e-006
645.2,-8.57212e-006
645.3,-8.60256e-006
645.4,-8.62944e-006
645.5,-8.65278e-006
645.6,-8.67258e-006
645.7,-8.68883e-006
645.8,-8.70155e-006
645.9,-8.71075e-006
646,-8.71643e-006
646.1,-8.7186e-006
646.2,-8.71727e-006
646.3,-8.71246e-006
646.4,-8.70419e-006
646.5,-8.69246e-006
646.6,-8.6773e-006
646.7,-8.65872e-006
646.8,-8.63675e-006
646.9,-8.6114e-006
647,-8.58269e-006
647.1,-8.55066e-006
647.2,-8.51532e-006
647.3,-8.4767e-006
647.4,-8.43484e-006
647.5,-8.38974e-006
647.6,-8.34146e-006
647.7,-8.29001e-006
647.8,-8.23543e-006
647.9,-8.17775e-006
648,-8.11701e-006
648.1,-8.05324e-006
648.2,-7.98648e-006
648.3,-7.91677e-006
648.4,-7.84414e-006
648.5,-7.76863e-006
648.6,-7.69029e-006
648.7,-7.60915e-006
648.8,-7.52527e-006
648.9,-7.43867e-006
649,-7.34941e-006
649.1,-7.25753e-006
649.2,-7.16308e-006
649.3,-7.06611e-006
649.4,-6.96666e-006
649.5,-6.86477e-006
649.6,-6.76051e-006
649.7,-6.65392e-006
649.8,-6.54506e-006
649.9,-6.43396e-006
650,-6.3207e-006
650.1,-6.20531e-006
650.2,-6.08785e-006
650.3,-5.96839e-006
650.4,-5.84696e-006
650.5,-5.72364e-006
650.6,-5.59847e-006
650.7,-5.47151e-006
650.8,-5.34282e-006
650.9,-5.21245e-006
651,-5.08047e-006
651.1,-4.94693e-006
651.2,-4.8119e-006
651.3,-4.67542e-006
651.4,-4.53757e-006
651.5,-4.3984e-006
651.6,-4.25797e-006
651.7,-4.11634e-006
651.8,-3.97357e-006
651.9,-3.82973e-006
652,-3.68488e-006
652.1,-3.53907e-006
652.2,-3.39238e-006
652.3,-3.24485e-006
652.4,-3.09656e-006
652.5,-2.94756e-006
652.6,-2.79792e-006
652.7,-2.6477e-006
652.8,-2.49696e-006
652.9,-2.34576e-006
653,-2.19417e-006
653.1,-2.04225e-006
653.2,-1.89006e-006
653.3,-1.73766e-006
653.4,-1.58511e-006
653.5,-1.43248e-006
653.6,-1.27983e-006
653.7,-1.12721e-006
653.8,-9.74694e-007
653.9,-8.22335e-007
654,-6.70195e-007
654.1,-5.18336e-007
654.2,-3.66815e-007
654.3,-2.15693e-007
654.4,-6.50295e-008
654.5,8.51181e-008
654.6,2.34691e-007
654.7,3.83632e-007
654.8,5.31883e-007
654.9,6.79387e-007
655,8.26089e-007
655.1,9.71932e-007
655.2,1.11686e-006
655.3,1.26082e-006
655.4,1.40376e-006
655.5,1.54562e-006
655.6,1.68636e-006
655.7,1.82591e-006
655.8,1.96423e-006
655.9,2.10126e-006
656,2.23697e-006
656.1,2.37128e-006
656.2,2.50417e-006
656.3,2.63558e-006
656.4,2.76546e-006
656.5,2.89376e-006
656.6,3.02045e-006
656.7,3.14547e-006
656.8,3.26878e-006
656.9,3.39035e-006
657,3.51011e-006
657.1,3.62805e-006
657.2,3.7441e-006
657.3,3.85825e-006
657.4,3.97043e-006
657.5,4.08063e-006
657.6,4.1888e-006
657.7,4.2949e-006
657.8,4.3989e-006
657.9,4.50077e-006
658,4.60047e-006
658.1,4.69797e-006
658.2,4.79324e-006
658.3,4.88625e-006
658.4,4.97697e-006
658.5,5.06538e-006
658.6,5.15144e-006
658.7,5.23513e-006
658.8,5.31642e-006
658.9,5.3953e-006
659,5.47173e-006
659.1,5.5457e-006
659.2,5.61718e-006
659.3,5.68617e-006
659.4,5.75262e-006
659.5,5.81654e-006
659.6,5.8779e-006
659.7,5.93669e-006
659.8,5.99289e-006
659.9,6.04649e-006
660,6.09749e-006
660.1,6.14585e-006
660.2,6.19159e-006
660.3,6.23469e-006
660.4,6.27513e-006
660.5,6.31292e-006
660.6,6.34805e-006
660.7,6.38051e-006
660.8,6.41031e-006
660.9,6.43743e-006
661,6.46188e-006
661.1,6.48366e-006
661.2,6.50276e-006
661.3,6.5192e-006
661.4,6.53297e-006
661.5,6.54407e-006
661.6,6.55252e-006
661.7,6.55832e-006
661.8,6.56147e-006
661.9,6.56199e-006
662,6.55988e-006
662.1,6.55515e-006
662.2,6.54782e-006
662.3,6.5379e-006
662.4,6.5254e-006
662.5,6.51033e-006
662.6,6.49271e-006
662.7,6.47256e-006
662.8,6.44989e-006
662.9,6.42472e-006
663,6.39708e-006
663.1,6.36697e-006
663.2,6.33443e-006
663.3,6.29947e-006
663.4,6.26211e-006
663.5,6.22239e-006
663.6,6.18032e-006
663.7,6.13592e-006
663.8,6.08924e-006
663.9,6.04029e-006
664,5.98909e-006
664.1,5.93569e-006
664.2,5.8801e-006
664.3,5.82236e-006
664.4,5.7625e-006
664.5,5.70055e-006
664.6,5.63655e-006
664.7,5.57052e-006
664.8,5.50249e-006
664.9,5.43252e-006
665,5.36062e-006
665.1,5.28683e-006
665.2,5.2112e-006
665.3,5.13376e-006
665.4,5.05454e-006
665.5,4.97358e-006
665.6,4.89093e-006
665.7,4.80661e-006
665.8,4.72068e-006
665.9,4.63317e-006
666,4.54412e-006
666.1,4.45357e-006
666.2,4.36157e-006
666.3,4.26816e-006
666.4,4.17337e-006
666.5,4.07725e-006
666.6,3.97986e-006
666.7,3.88121e-006
666.8,3.78138e-006
666.9,3.68039e-006
667,3.57829e-006
667.1,3.47512e-006
667.2,3.37094e-006
667.3,3.26578e-006
667.4,3.1597e-006
667.5,3.05274e-006
667.6,2.94493e-006
667.7,2.83634e-006
667.8,2.72701e-006
667.9,2.61698e-006
668,2.50629e-006
668.1,2.39501e-006
668.2,2.28316e-006
668.3,2.17081e-006
668.4,2.05799e-006
668.5,1.94475e-006
668.6,1.83115e-006
668.7,1.71722e-006
668.8,1.60301e-006
668.9,1.48858e-006
669,1.37396e-006
669.1,1.2592e-006
669.2,1.14435e-006
669.3,1.02946e-006
669.4,9.14571e-007
669.5,7.9973e-007
669.6,6.84981e-007
669.7,5.70372e-007
669.8,4.55947e-007
669.9,3.41752e-007
670,2.27831e-007
670.1,1.14229e-007
670.2,9.9095e-010
670.3,-1.1184e-007
670.4,-2.24221e-007
670.5,-3.36107e-007
670.6,-4.47456e-007
670.7,-5.58225e-007
670.8,-6.68372e-007
670.9,-7.77855e-007
671,-8.86633e-007
671.1,-9.94664e-007
671.2,-1.10191e-006
671.3,-1.20833e-006
671.4,-1.31388e-006
671.5,-1.41852e-006
671.6,-1.52223e-006
671.7,-1.62495e-006
671.8,-1.72665e-006
671.9,-1.82729e-006
672,-1.92684e-006
672.1,-2.02526e-006
672.2,-2.12252e-006
672.3,-2.21857e-006
672.4,-2.3134e-006
672.5,-2.40695e-006
672.6,-2.49921e-006
672.7,-2.59014e-006
672.8,-2.6797e-006
672.9,-2.76787e-006
673,-2.85461e-006
673.1,-2.9399e-006
673.2,-3.02371e-006
673.3,-3.106e-006
673.4,-3.18676e-006
673.5,-3.26595e-006
673.6,-3.34355e-006
673.7,-3.41953e-006
673.8,-3.49387e-006
673.9,-3.56655e-006
674,-3.63754e-006
674.1,-3.70682e-006
674.2,-3.77436e-006
674.3,-3.84015e-006
674.4,-3.90417e-006
674.5,-3.9664e-006
674.6,-4.02682e-006
674.7,-4.08541e-006
674.8,-4.14215e-006
674.9,-4.19703e-006
675,-4.25004e-006
675.1,-4.30115e-006
675.2,-4.35037e-006
675.3,-4.39766e-006
675.4,-4.44302e-006
675.5,-4.48645e-006
675.6,-4.52792e-006
675.7,-4.56743e-006
675.8,-4.60497e-006
675.9,-4.64054e-006
676,-4.67412e-006
676.1,-4.70571e-006
676.2,-4.73531e-006
676.3,-4.7629e-006
676.4,-4.78849e-006
676.5,-4.81207e-006
676.6,-4.83365e-006
676.7,-4.85321e-006
676.8,-4.87076e-006
676.9,-4.8863e-006
677,-4.89982e-006
677.1,-4.91134e-006
677.2,-4.92086e-006
677.3,-4.92837e-006
677.4,-4.93388e-006
677.5,-4.9374e-006
677.6,-4.93893e-006
677.7,-4.93848e-006
677.8,-4.93606e-006
677.9,-4.93167e-006
678,-4.92532e-006
678.1,-4.91703e-006
678.2,-4.9068e-006
678.3,-4.89464e-006
678.4,-4.88057e-006
678.5,-4.8646e-006
678.6,-4.84674e-006
678.7,-4.827e-006
678.8,-4.80541e-006
678.9,-4.78197e-006
679,-4.7567e-006
679.1,-4.72962e-006
679.2,-4.70075e-006
679.3,-4.6701e-006
679.4,-4.63769e-006
679.5,-4.60355e-006
679.6,-4.56768e-006
679.7,-4.53012e-006
679.8,-4.49088e-006
679.9,-4.44999e-006
680,-4.40746e-006
680.1,-4.36332e-006
680.2,-4.3176e-006
680.3,-4.27031e-006
680.4,-4.22149e-006
680.5,-4.17115e-006
680.6,-4.11933e-006
680.7,-4.06605e-006
680.8,-4.01133e-006
680.9,-3.9552e-006
681,-3.89769e-006
681.1,-3.83883e-006
681.2,-3.77865e-006
681.3,-3.71717e-006
681.4,-3.65443e-006
681.5,-3.59045e-006
681.6,-3.52527e-006
681.7,-3.45891e-006
681.8,-3.3914e-006
681.9,-3.32278e-006
682,-3.25308e-006
682.1,-3.18233e-006
682.2,-3.11056e-006
682.3,-3.03781e-006
682.4,-2.9641e-006
682.5,-2.88947e-006
682.6,-2.81395e-006
682.7,-2.73758e-006
682.8,-2.6604e-006
682.9,-2.58242e-006
683,-2.50369e-006
683.1,-2.42425e-006
683.2,-2.34412e-006
683.3,-2.26334e-006
683.4,-2.18194e-006
683.5,-2.09997e-006
683.6,-2.01745e-006
683.7,-1.93442e-006
683.8,-1.85092e-006
683.9,-1.76698e-006
684,-1.68263e-006
684.1,-1.59791e-006
684.2,-1.51286e-006
684.3,-1.42751e-006
684.4,-1.3419e-006
684.5,-1.25606e-006
684.6,-1.17002e-006
684.7,-1.08383e-006
684.8,-9.97513e-007
684.9,-9.11107e-007
685,-8.24649e-007
685.1,-7.38172e-007
685.2,-6.5171e-007
685.3,-5.653e-007
685.4,-4.78974e-007
685.5,-3.92768e-007
685.6,-3.06714e-007
685.7,-2.20848e-007
685.8,-1.35203e-007
685.9,-4.98119e-008
686,3.52917e-008
686.1,1.20075e-007
686.2,2.04505e-007
686.3,2.88549e-007
686.4,3.72175e-007
686.5,4.55351e-007
686.6,5.38046e-007
686.7,6.20228e-007
686.8,7.01865e-007
686.9,7.82929e-007
687,8.63387e-007
687.1,9.4321e-007
687.2,1.02237e-006
687.3,1.10083e-006
687.4,1.17857e-006
687.5,1.25557e-006
687.6,1.33178e-006
687.7,1.40718e-006
687.8,1.48175e-006
687.9,1.55546e-006
688,1.62828e-006
688.1,1.70019e-006
688.2,1.77116e-006
688.3,1.84116e-006
688.4,1.91018e-006
688.5,1.97818e-006
688.6,2.04515e-006
688.7,2.11106e-006
688.8,2.17588e-006
688.9,2.23961e-006
689,2.3022e-006
689.1,2.36365e-006
689.2,2.42394e-006
689.3,2.48304e-006
689.4,2.54093e-006
689.5,2.5976e-006
689.6,2.65302e-006
689.7,2.70719e-006
689.8,2.76007e-006
689.9,2.81166e-006
690,2.86194e-006
690.1,2.9109e-006
690.2,2.95851e-006
690.3,3.00477e-006
690.4,3.04966e-006
690.5,3.09317e-006
690.6,3.13529e-006
690.7,3.176e-006
690.8,3.21529e-006
690.9,3.25316e-006
691,3.28959e-006
691.1,3.32457e-006
691.2,3.35809e-006
691.3,3.39016e-006
691.4,3.42075e-006
691.5,3.44986e-006
691.6,3.47748e-006
691.7,3.50362e-006
691.8,3.52826e-006
691.9,3.5514e-006
692,3.57304e-006
692.1,3.59317e-006
692.2,3.61179e-006
692.3,3.6289e-006
692.4,3.64449e-006
692.5,3.65857e-006
692.6,3.67114e-006
692.7,3.68219e-006
692.8,3.69174e-006
692.9,3.69977e-006
693,3.70629e-006
693.1,3.7113e-006
693.2,3.71481e-006
693.3,3.71683e-006
693.4,3.71735e-006
693.5,3.71638e-006
693.6,3.71393e-006
693.7,3.71e-006
693.8,3.7046e-006
693.9,3.69774e-006
694,3.68942e-006
694.1,3.67966e-006
694.2,3.66846e-006
694.3,3.65584e-006
694.4,3.6418e-006
694.5,3.62635e-006
694.6,3.6095e-006
694.7,3.59128e-006
694.8,3.57168e-006
694.9,3.55073e-006
695,3.52843e-006
695.1,3.50479e-006
695.2,3.47985e-006
695.3,3.4536e-006
695.4,3.42606e-006
695.5,3.39725e-006
695.6,3.36719e-006
695.7,3.33588e-006
695.8,3.30336e-006
695.9,3.26963e-006
696,3.23472e-006
696.1,3.19864e-006
696.2,3.1614e-006
696.3,3.12304e-006
696.4,3.08357e-006
696.5,3.043e-006
696.6,3.00136e-006
696.7,2.95868e-006
696.8,2.91496e-006
696.9,2.87023e-006
697,2.82452e-006
697.1,2.77784e-006
697.2,2.73022e-006
697.3,2.68168e-006
697.4,2.63224e-006
697.5,2.58193e-006
697.6,2.53076e-006
697.7,2.47877e-006
697.8,2.42597e-006
697.9,2.37239e-006
698,2.31806e-006
698.1,2.26299e-006
698.2,2.20722e-006
698.3,2.15076e-006
698.4,2.09365e-006
698.5,2.0359e-006
698.6,1.97755e-006
698.7,1.91862e-006
698.8,1.85913e-006
698.9,1.79912e-006
699,1.7386e-006
699.1,1.6776e-006
699.2,1.61615e-006
699.3,1.55427e-006
699.4,1.492e-006
699.5,1.42935e-006
699.6,1.36636e-006
699.7,1.30305e-006
699.8,1.23944e-006
699.9,1.17557e-006
700,1.11146e-006
700.1,1.04713e-006
700.2,9.8262e-007
700.3,9.17946e-007
700.4,8.53137e-007
700.5,7.8822e-007
700.6,7.23222e-007
700.7,6.58168e-007
700.8,5.93086e-007
700.9,5.28e-007
701,4.62938e-007
701.1,3.97924e-007
701.2,3.32986e-007
701.3,2.68148e-007
701.4,2.03436e-007
701.5,1.38876e-007
701.6,7.44928e-008
701.7,1.03114e-008
701.8,-5.3643e-008
701.9,-1.17346e-007
702,-1.80772e-007
702.1,-2.43898e-007
702.2,-3.06699e-007
702.3,-3.69151e-007
702.4,-4.31231e-007
702.5,-4.92915e-007
702.6,-5.54179e-007
702.7,-6.15001e-007
702.8,-6.75359e-007
702.9,-7.35229e-007
703,-7.94589e-007
703.1,-8.53418e-007
703.2,-9.11693e-007
703.3,-9.69395e-007
703.4,-1.0265e-006
703.5,-1.08299e-006
703.6,-1.13884e-006
703.7,-1.19404e-006
703.8,-1.24856e-006
703.9,-1.30238e-006
704,-1.35549e-006
704.1,-1.40787e-006
704.2,-1.45949e-006
704.3,-1.51035e-006
704.4,-1.56042e-006
704.5,-1.60968e-006
704.6,-1.65812e-006
704.7,-1.70573e-006
704.8,-1.75248e-006
704.9,-1.79836e-006
705,-1.84335e-006
705.1,-1.88745e-006
705.2,-1.93064e-006
705.3,-1.97289e-006
705.4,-2.01421e-006
705.5,-2.05457e-006
705.6,-2.09396e-006
705.7,-2.13237e-006
705.8,-2.1698e-006
705.9,-2.20622e-006
706,-2.24162e-006
706.1,-2.27601e-006
706.2,-2.30935e-006
706.3,-2.34166e-006
706.4,-2.37291e-006
706.5,-2.4031e-006
706.6,-2.43222e-006
706.7,-2.46026e-006
706.8,-2.48722e-006
706.9,-2.51308e-006
707,-2.53785e-006
707.1,-2.56151e-006
707.2,-2.58406e-006
707.3,-2.6055e-006
707.4,-2.62582e-006
707.5,-2.64502e-006
707.6,-2.66308e-006
707.7,-2.68002e-006
707.8,-2.69583e-006
707.9,-2.7105e-006
708,-2.72403e-006
708.1,-2.73642e-006
708.2,-2.74768e-006
708.3,-2.75779e-006
708.4,-2.76677e-006
708.5,-2.7746e-006
708.6,-2.7813e-006
708.7,-2.78686e-006
708.8,-2.79129e-006
708.9,-2.79459e-006
709,-2.79675e-006
709.1,-2.79779e-006
709.2,-2.79771e-006
709.3,-2.7965e-006
709.4,-2.79419e-006
709.5,-2.79076e-006
709.6,-2.78623e-006
709.7,-2.7806e-006
709.8,-2.77388e-006
709.9,-2.76607e-006
710,-2.75719e-006
710.1,-2.74723e-006
710.2,-2.73621e-006
710.3,-2.72414e-006
710.4,-2.71102e-006
710.5,-2.69687e-006
710.6,-2.68168e-006
710.7,-2.66548e-006
710.8,-2.64827e-006
710.9,-2.63006e-006
711,-2.61087e-006
711.1,-2.5907e-006
711.2,-2.56956e-006
711.3,-2.54748e-006
711.4,-2.52446e-006
711.5,-2.5005e-006
711.6,-2.47564e-006
711.7,-2.44987e-006
711.8,-2.42322e-006
711.9,-2.39569e-006
712,-2.36731e-006
712.1,-2.33808e-006
712.2,-2.30802e-006
712.3,-2.27714e-006
712.4,-2.24547e-006
712.5,-2.21301e-006
712.6,-2.17978e-006
712.7,-2.1458e-006
712.8,-2.11109e-006
712.9,-2.07565e-006
713,-2.03951e-006
713.1,-2.00269e-006
713.2,-1.9652e-006
713.3,-1.92705e-006
713.4,-1.88828e-006
713.5,-1.84888e-006
713.6,-1.80889e-006
713.7,-1.76832e-006
713.8,-1.72719e-006
713.9,-1.68552e-006
714,-1.64332e-006
714.1,-1.60062e-006
714.2,-1.55743e-006
714.3,-1.51377e-006
714.4,-1.46966e-006
714.5,-1.42513e-006
714.6,-1.38018e-006
714.7,-1.33485e-006
714.8,-1.28914e-006
714.9,-1.24309e-006
715,-1.1967e-006
715.1,-1.15e-006
715.2,-1.10301e-006
715.3,-1.05574e-006
715.4,-1.00823e-006
715.5,-9.60479e-007
715.6,-9.12519e-007
715.7,-8.64366e-007
715.8,-8.16041e-007
715.9,-7.67563e-007
716,-7.18953e-007
716.1,-6.7023e-007
716.2,-6.21415e-007
716.3,-5.72527e-007
716.4,-5.23585e-007
716.5,-4.74611e-007
716.6,-4.25623e-007
716.7,-3.76641e-007
716.8,-3.27685e-007
716.9,-2.78773e-007
717,-2.29927e-007
717.1,-1.81164e-007
717.2,-1.32505e-007
717.3,-8.39672e-008
717.4,-3.5571e-008
717.5,1.26653e-008
717.6,6.07229e-008
717.7,1.08583e-007
717.8,1.56228e-007
717.9,2.03638e-007
718,2.50797e-007
718.1,2.97685e-007
718.2,3.44285e-007
718.3,3.9058e-007
718.4,4.36552e-007
718.5,4.82184e-007
718.6,5.27459e-007
718.7,5.7236e-007
718.8,6.1687e-007
718.9,6.60973e-007
719,7.04653e-007
719.1,7.47894e-007
719.2,7.9068e-007
719.3,8.32996e-007
719.4,8.74826e-007
719.5,9.16156e-007
719.6,9.56971e-007
719.7,9.97256e-007
719.8,1.037e-006
719.9,1.07618e-006
720,1.11479e-006
720.1,1.15282e-006
720.2,1.19025e-006
720.3,1.22706e-006
720.4,1.26326e-006
720.5,1.29882e-006
720.6,1.33373e-006
720.7,1.36798e-006
720.8,1.40156e-006
720.9,1.43446e-006
721,1.46667e-006
721.1,1.49817e-006
721.2,1.52897e-006
721.3,1.55904e-006
721.4,1.58838e-006
721.5,1.61697e-006
721.6,1.64482e-006
721.7,1.67191e-006
721.8,1.69823e-006
721.9,1.72378e-006
722,1.74855e-006
722.1,1.77253e-006
722.2,1.79571e-006
722.3,1.81809e-006
722.4,1.83967e-006
722.5,1.86043e-006
722.6,1.88037e-006
722.7,1.89949e-006
722.8,1.91778e-006
722.9,1.93523e-006
723,1.95185e-006
723.1,1.96763e-006
723.2,1.98256e-006
723.3,1.99665e-006
723.4,2.00989e-006
723.5,2.02228e-006
723.6,2.03381e-006
723.7,2.04449e-006
723.8,2.05431e-006
723.9,2.06328e-006
724,2.07138e-006
724.1,2.07863e-006
724.2,2.08503e-006
724.3,2.09056e-006
724.4,2.09524e-006
724.5,2.09906e-006
724.6,2.10203e-006
724.7,2.10415e-006
724.8,2.10542e-006
724.9,2.10585e-006
725,2.10543e-006
725.1,2.10416e-006
725.2,2.10207e-006
725.3,2.09913e-006
725.4,2.09537e-006
725.5,2.09079e-006
725.6,2.08538e-006
725.7,2.07916e-006
725.8,2.07213e-006
725.9,2.0643e-006
726,2.05567e-006
726.1,2.04625e-006
726.2,2.03604e-006
726.3,2.02506e-006
726.4,2.0133e-006
726.5,2.00079e-006
726.6,1.98751e-006
726.7,1.97349e-006
726.8,1.95874e-006
726.9,1.94325e-006
727,1.92704e-006
727.1,1.91011e-006
727.2,1.89249e-006
727.3,1.87417e-006
727.4,1.85516e-006
727.5,1.83549e-006
727.6,1.81515e-006
727.7,1.79415e-006
727.8,1.77252e-006
727.9,1.75025e-006
728,1.72736e-006
728.1,1.70387e-006
728.2,1.67978e-006
728.3,1.6551e-006
728.4,1.62985e-006
728.5,1.60404e-006
728.6,1.57768e-006
728.7,1.55078e-006
728.8,1.52336e-006
728.9,1.49543e-006
729,1.467e-006
729.1,1.43809e-006
729.2,1.40871e-006
729.3,1.37887e-006
729.4,1.34858e-006
729.5,1.31787e-006
729.6,1.28673e-006
729.7,1.2552e-006
729.8,1.22327e-006
729.9,1.19098e-006
730,1.15832e-006
730.1,1.12531e-006
730.2,1.09198e-006
730.3,1.05833e-006
730.4,1.02437e-006
730.5,9.90132e-007
730.6,9.55617e-007
730.7,9.20845e-007
730.8,8.85829e-007
730.9,8.50586e-007
731,8.15128e-007
731.1,7.79473e-007
731.2,7.43634e-007
731.3,7.07626e-007
731.4,6.71466e-007
731.5,6.35166e-007
731.6,5.98744e-007
731.7,5.62213e-007
731.8,5.25588e-007
731.9,4.88885e-007
732,4.52119e-007
732.1,4.15304e-007
732.2,3.78456e-007
732.3,3.41589e-007
732.4,3.04718e-007
732.5,2.67858e-007
732.6,2.31023e-007
732.7,1.94229e-007
732.8,1.5749e-007
732.9,1.20819e-007
733,8.42326e-008
733.1,4.7744e-008
733.2,1.13676e-008
733.3,-2.48823e-008
733.4,-6.09918e-008
733.5,-9.69469e-008
733.6,-1.32734e-007
733.7,-1.68339e-007
733.8,-2.03748e-007
733.9,-2.38949e-007
734,-2.73927e-007
734.1,-3.0867e-007
734.2,-3.43164e-007
734.3,-3.77396e-007
734.4,-4.11355e-007
734.5,-4.45027e-007
734.6,-4.78399e-007
734.7,-5.1146e-007
734.8,-5.44197e-007
734.9,-5.76599e-007
735,-6.08654e-007
735.1,-6.40349e-007
735.2,-6.71675e-007
735.3,-7.02619e-007
735.4,-7.3317e-007
735.5,-7.63319e-007
735.6,-7.93053e-007
735.7,-8.22363e-007
735.8,-8.51239e-007
735.9,-8.7967e-007
736,-9.07647e-007
736.1,-9.35161e-007
736.2,-9.62201e-007
736.3,-9.88759e-007
736.4,-1.01483e-006
736.5,-1.04039e-006
736.6,-1.06545e-006
736.7,-1.08999e-006
736.8,-1.11401e-006
736.9,-1.1375e-006
737,-1.16044e-006
737.1,-1.18284e-006
737.2,-1.20469e-006
737.3,-1.22598e-006
737.4,-1.24669e-006
737.5,-1.26684e-006
737.6,-1.28641e-006
737.7,-1.30539e-006
737.8,-1.32378e-006
737.9,-1.34157e-006
738,-1.35877e-006
738.1,-1.37535e-006
738.2,-1.39133e-006
738.3,-1.4067e-006
738.4,-1.42144e-006
738.5,-1.43557e-006
738.6,-1.44907e-006
738.7,-1.46194e-006
738.8,-1.47418e-006
738.9,-1.48579e-006
739,-1.49676e-006
739.1,-1.50709e-006
739.2,-1.51678e-006
739.3,-1.52583e-006
739.4,-1.53424e-006
739.5,-1.54201e-006
739.6,-1.54913e-006
739.7,-1.5556e-006
739.8,-1.56143e-006
739.9,-1.56661e-006
740,-1.57115e-006
740.1,-1.57504e-006
740.2,-1.57829e-006
740.3,-1.5809e-006
740.4,-1.58286e-006
740.5,-1.58418e-006
740.6,-1.58487e-006
740.7,-1.58492e-006
740.8,-1.58433e-006
740.9,-1.58312e-006
741,-1.58127e-006
741.1,-1.5788e-006
741.2,-1.5757e-006
741.3,-1.57199e-006
741.4,-1.56766e-006
741.5,-1.56272e-006
741.6,-1.55717e-006
741.7,-1.55102e-006
741.8,-1.54428e-006
741.9,-1.53693e-006
742,-1.529e-006
742.1,-1.52049e-006
742.2,-1.5114e-006
742.3,-1.50174e-006
742.4,-1.49151e-006
742.5,-1.48072e-006
742.6,-1.46938e-006
742.7,-1.45749e-006
742.8,-1.44506e-006
742.9,-1.4321e-006
743,-1.41861e-006
743.1,-1.4046e-006
743.2,-1.39008e-006
743.3,-1.37506e-006
743.4,-1.35954e-006
743.5,-1.34353e-006
743.6,-1.32705e-006
743.7,-1.31009e-006
743.8,-1.29267e-006
743.9,-1.27479e-006
744,-1.25647e-006
744.1,-1.23771e-006
744.2,-1.21853e-006
744.3,-1.19893e-006
744.4,-1.17891e-006
744.5,-1.1585e-006
744.6,-1.1377e-006
744.7,-1.11652e-006
744.8,-1.09497e-006
744.9,-1.07305e-006
745,-1.05079e-006
745.1,-1.02819e-006
745.2,-1.00526e-006
745.3,-9.82003e-007
745.4,-9.58441e-007
745.5,-9.34581e-007
745.6,-9.10432e-007
745.7,-8.86007e-007
745.8,-8.61315e-007
745.9,-8.36368e-007
746,-8.11175e-007
746.1,-7.85749e-007
746.2,-7.60101e-007
746.3,-7.3424e-007
746.4,-7.08179e-007
746.5,-6.81928e-007
746.6,-6.555e-007
746.7,-6.28904e-007
746.8,-6.02152e-007
746.9,-5.75256e-007
747,-5.48226e-007
747.1,-5.21075e-007
747.2,-4.93813e-007
747.3,-4.66451e-007
747.4,-4.39001e-007
747.5,-4.11475e-007
747.6,-3.83883e-007
747.7,-3.56237e-007
747.8,-3.28548e-007
747.9,-3.00827e-007
748,-2.73086e-007
748.1,-2.45335e-007
748.2,-2.17586e-007
748.3,-1.8985e-007
748.4,-1.62138e-007
748.5,-1.3446e-007
748.6,-1.06829e-007
748.7,-7.9254e-008
748.8,-5.17469e-008
748.9,-2.43181e-008
749,3.02171e-009
749.1,3.02619e-008
749.2,5.73919e-008
749.3,8.44012e-008
749.4,1.1128e-007
749.5,1.38017e-007
749.6,1.64602e-007
749.7,1.91026e-007
749.8,2.17279e-007
749.9,2.4335e-007
750,2.6923e-007
750.1,2.94909e-007
750.2,3.20378e-007
750.3,3.45627e-007
750.4,3.70646e-007
750.5,3.95428e-007
750.6,4.19962e-007
750.7,4.44239e-007
750.8,4.68252e-007
750.9,4.91991e-007
751,5.15447e-007
751.1,5.38613e-007
751.2,5.6148e-007
751.3,5.84041e-007
751.4,6.06286e-007
751.5,6.28209e-007
751.6,6.49801e-007
751.7,6.71056e-007
751.8,6.91966e-007
751.9,7.12524e-007
752,7.32723e-007
752.1,7.52556e-007
752.2,7.72017e-007
752.3,7.91098e-007
752.4,8.09795e-007
752.5,8.281e-007
752.6,8.46009e-007
752.7,8.63514e-007
752.8,8.80611e-007
752.9,8.97294e-007
753,9.13559e-007
753.1,9.29399e-007
753.2,9.4481e-007
753.3,9.59788e-007
753.4,9.74329e-007
753.5,9.88427e-007
753.6,1.00208e-006
753.7,1.01528e-006
753.8,1.02803e-006
753.9,1.04032e-006
754,1.05215e-006
754.1,1.06352e-006
754.2,1.07442e-006
754.3,1.08485e-006
754.4,1.09481e-006
754.5,1.1043e-006
754.6,1.11331e-006
754.7,1.12184e-006
754.8,1.1299e-006
754.9,1.13747e-006
755,1.14456e-006
755.1,1.15117e-006
755.2,1.15729e-006
755.3,1.16293e-006
755.4,1.16808e-006
755.5,1.17275e-006
755.6,1.17693e-006
755.7,1.18062e-006
755.8,1.18383e-006
755.9,1.18656e-006
756,1.1888e-006
756.1,1.19055e-006
756.2,1.19183e-006
756.3,1.19262e-006
756.4,1.19293e-006
756.5,1.19277e-006
756.6,1.19213e-006
756.7,1.19101e-006
756.8,1.18942e-006
756.9,1.18736e-006
757,1.18483e-006
757.1,1.18184e-006
757.2,1.17839e-006
757.3,1.17448e-006
757.4,1.17011e-006
757.5,1.16529e-006
757.6,1.16002e-006
757.7,1.1543e-006
757.8,1.14815e-006
757.9,1.14156e-006
758,1.13453e-006
758.1,1.12708e-006
758.2,1.1192e-006
758.3,1.1109e-006
758.4,1.10219e-006
758.5,1.09307e-006
758.6,1.08354e-006
758.7,1.07362e-006
758.8,1.0633e-006
758.9,1.05259e-006
759,1.0415e-006
759.1,1.03004e-006
759.2,1.0182e-006
759.3,1.006e-006
759.4,9.9344e-007
759.5,9.80529e-007
759.6,9.67271e-007
759.7,9.53674e-007
759.8,9.39745e-007
759.9,9.2549e-007
760,9.10916e-007
760.1,8.9603e-007
760.2,8.8084e-007
760.3,8.65351e-007
760.4,8.49573e-007
760.5,8.33511e-007
760.6,8.17174e-007
760.7,8.00568e-007
760.8,7.83702e-007
760.9,7.66584e-007
761,7.4922e-007
761.1,7.3162e-007
761.2,7.13789e-007
761.3,6.95738e-007
761.4,6.77473e-007
761.5,6.59004e-007
761.6,6.40337e-007
761.7,6.21481e-007
761.8,6.02444e-007
761.9,5.83235e-007
762,5.63862e-007
762.1,5.44333e-007
762.2,5.24656e-007
762.3,5.04841e-007
762.4,4.84894e-007
762.5,4.64826e-007
762.6,4.44644e-007
762.7,4.24357e-007
762.8,4.03973e-007
762.9,3.83501e-007
763,3.62949e-007
763.1,3.42327e-007
763.2,3.21641e-007
763.3,3.00901e-007
763.4,2.80116e-007
763.5,2.59293e-007
763.6,2.38441e-007
763.7,2.17569e-007
763.8,1.96686e-007
763.9,1.75799e-007
764,1.54916e-007
764.1,1.34047e-007
764.2,1.132e-007
764.3,9.23817e-008
764.4,7.16019e-008
764.5,5.08682e-008
764.6,3.01889e-008
764.7,9.57186e-009
764.8,-1.09748e-008
764.9,-3.1443e-008
765,-5.1825e-008
765.1,-7.21129e-008
765.2,-9.22989e-008
765.3,-1.12375e-007
765.4,-1.32334e-007
765.5,-1.52169e-007
765.6,-1.71871e-007
765.7,-1.91433e-007
765.8,-2.10849e-007
765.9,-2.3011e-007
766,-2.4921e-007
766.1,-2.68141e-007
766.2,-2.86897e-007
766.3,-3.05471e-007
766.4,-3.23856e-007
766.5,-3.42045e-007
766.6,-3.60031e-007
766.7,-3.77809e-007
766.8,-3.95372e-007
766.9,-4.12713e-007
767,-4.29827e-007
767.1,-4.46707e-007
767.2,-4.63348e-007
767.3,-4.79744e-007
767.4,-4.95889e-007
767.5,-5.11777e-007
767.6,-5.27403e-007
767.7,-5.42762e-007
767.8,-5.57849e-007
767.9,-5.72658e-007
768,-5.87185e-007
768.1,-6.01425e-007
768.2,-6.15372e-007
768.3,-6.29024e-007
768.4,-6.42375e-007
768.5,-6.5542e-007
768.6,-6.68157e-007
768.7,-6.80581e-007
768.8,-6.92687e-007
768.9,-7.04473e-007
769,-7.15935e-007
769.1,-7.27069e-007
769.2,-7.37872e-007
769.3,-7.48341e-007
769.4,-7.58473e-007
769.5,-7.68265e-007
769.6,-7.77715e-007
769.7,-7.86819e-007
769.8,-7.95576e-007
769.9,-8.03983e-007
770,-8.12039e-007
770.1,-8.1974e-007
770.2,-8.27086e-007
770.3,-8.34075e-007
770.4,-8.40705e-007
770.5,-8.46975e-007
770.6,-8.52883e-007
770.7,-8.58429e-007
770.8,-8.63612e-007
770.9,-8.6843e-007
771,-8.72884e-007
771.1,-8.76972e-007
771.2,-8.80696e-007
771.3,-8.84053e-007
771.4,-8.87045e-007
771.5,-8.89671e-007
771.6,-8.91932e-007
771.7,-8.93827e-007
771.8,-8.95359e-007
771.9,-8.96527e-007
772,-8.97332e-007
772.1,-8.97775e-007
772.2,-8.97858e-007
772.3,-8.97581e-007
772.4,-8.96946e-007
772.5,-8.95954e-007
772.6,-8.94608e-007
772.7,-8.92909e-007
772.8,-8.90859e-007
772.9,-8.88459e-007
773,-8.85713e-007
773.1,-8.82623e-007
773.2,-8.79191e-007
773.3,-8.75419e-007
773.4,-8.71311e-007
773.5,-8.66869e-007
773.6,-8.62096e-007
773.7,-8.56996e-007
773.8,-8.51571e-007
773.9,-8.45825e-007
774,-8.39761e-007
774.1,-8.33384e-007
774.2,-8.26696e-007
774.3,-8.19701e-007
774.4,-8.12404e-007
774.5,-8.04808e-007
774.6,-7.96917e-007
774.7,-7.88736e-007
774.8,-7.80269e-007
774.9,-7.7152e-007
775,-7.62495e-007
775.1,-7.53196e-007
775.2,-7.4363e-007
775.3,-7.33801e-007
775.4,-7.23714e-007
775.5,-7.13374e-007
775.6,-7.02785e-007
775.7,-6.91954e-007
775.8,-6.80884e-007
775.9,-6.69582e-007
776,-6.58054e-007
776.1,-6.46303e-007
776.2,-6.34336e-007
776.3,-6.22158e-007
776.4,-6.09776e-007
776.5,-5.97194e-007
776.6,-5.84419e-007
776.7,-5.71455e-007
776.8,-5.5831e-007
776.9,-5.44989e-007
777,-5.31498e-007
777.1,-5.17843e-007
777.2,-5.04029e-007
777.3,-4.90064e-007
777.4,-4.75953e-007
777.5,-4.61703e-007
777.6,-4.47319e-007
777.7,-4.32808e-007
777.8,-4.18176e-007
777.9,-4.0343e-007
778,-3.88575e-007
778.1,-3.73619e-007
778.2,-3.58566e-007
778.3,-3.43425e-007
778.4,-3.282e-007
778.5,-3.129e-007
778.6,-2.97529e-007
778.7,-2.82094e-007
778.8,-2.66602e-007
778.9,-2.51059e-007
779,-2.35472e-007
779.1,-2.19847e-007
779.2,-2.0419e-007
779.3,-1.88508e-007
779.4,-1.72806e-007
779.5,-1.57093e-007
779.6,-1.41372e-007
779.7,-1.25652e-007
779.8,-1.09939e-007
779.9,-9.42376e-008
780,-7.85553e-008
780.1,-6.2898e-008
780.2,-4.72719e-008
780.3,-3.16832e-008
780.4,-1.6138e-008
780.5,-6.42199e-010
780.6,1.4798e-008
780.7,3.01768e-008
780.8,4.54881e-008
780.9,6.0726e-008
781,7.58849e-008
781.1,9.09588e-008
781.2,1.05942e-007
781.3,1.20829e-007
781.4,1.35614e-007
781.5,1.50292e-007
781.6,1.64856e-007
781.7,1.79302e-007
781.8,1.93625e-007
781.9,2.07818e-007
782,2.21878e-007
782.1,2.35797e-007
782.2,2.49573e-007
782.3,2.63199e-007
782.4,2.76671e-007
782.5,2.89983e-007
782.6,3.03132e-007
782.7,3.16112e-007
782.8,3.28919e-007
782.9,3.41548e-007
783,3.53995e-007
783.1,3.66256e-007
783.2,3.78326e-007
783.3,3.90201e-007
783.4,4.01877e-007
783.5,4.13351e-007
783.6,4.24618e-007
783.7,4.35675e-007
783.8,4.46517e-007
783.9,4.57142e-007
784,4.67546e-007
784.1,4.77725e-007
784.2,4.87677e-007
784.3,4.97397e-007
784.4,5.06884e-007
784.5,5.16134e-007
784.6,5.25144e-007
784.7,5.33912e-007
784.8,5.42434e-007
784.9,5.50709e-007
785,5.58733e-007
785.1,5.66506e-007
785.2,5.74024e-007
785.3,5.81285e-007
785.4,5.88287e-007
785.5,5.95029e-007
785.6,6.01509e-007
785.7,6.07724e-007
785.8,6.13674e-007
785.9,6.19358e-007
786,6.24773e-007
786.1,6.29919e-007
786.2,6.34794e-007
786.3,6.39398e-007
786.4,6.43729e-007
786.5,6.47787e-007
786.6,6.51572e-007
786.7,6.55082e-007
786.8,6.58318e-007
786.9,6.61279e-007
787,6.63964e-007
787.1,6.66375e-007
787.2,6.6851e-007
787.3,6.7037e-007
787.4,6.71955e-007
787.5,6.73265e-007
787.6,6.74302e-007
787.7,6.75065e-007
787.8,6.75556e-007
787.9,6.75774e-007
788,6.75721e-007
788.1,6.75399e-007
788.2,6.74807e-007
788.3,6.73947e-007
788.4,6.72821e-007
788.5,6.7143e-007
788.6,6.69775e-007
788.7,6.67859e-007
788.8,6.65682e-007
788.9,6.63246e-007
789,6.60555e-007
789.1,6.57608e-007
789.2,6.54409e-007
789.3,6.5096e-007
789.4,6.47263e-007
789.5,6.43321e-007
789.6,6.39135e-007
789.7,6.34708e-007
789.8,6.30044e-007
789.9,6.25145e-007
790,6.20013e-007
790.1,6.14651e-007
790.2,6.09063e-007
790.3,6.03252e-007
790.4,5.9722e-007
790.5,5.90971e-007
790.6,5.84508e-007
790.7,5.77834e-007
790.8,5.70953e-007
790.9,5.63869e-007
791,5.56585e-007
791.1,5.49104e-007
791.2,5.41431e-007
791.3,5.33568e-007
791.4,5.25521e-007
791.5,5.17292e-007
791.6,5.08886e-007
791.7,5.00307e-007
791.8,4.91558e-007
791.9,4.82645e-007
792,4.7357e-007
792.1,4.64338e-007
792.2,4.54955e-007
792.3,4.45422e-007
792.4,4.35747e-007
792.5,4.25931e-007
792.6,4.15981e-007
792.7,4.059e-007
792.8,3.95692e-007
792.9,3.85364e-007
793,3.74918e-007
793.1,3.6436e-007
793.2,3.53695e-007
793.3,3.42926e-007
793.4,3.32059e-007
793.5,3.21098e-007
793.6,3.10048e-007
793.7,2.98914e-007
793.8,2.877e-007
793.9,2.76412e-007
794,2.65054e-007
794.1,2.5363e-007
794.2,2.42147e-007
794.3,2.30607e-007
794.4,2.19018e-007
794.5,2.07382e-007
794.6,1.95705e-007
794.7,1.83992e-007
794.8,1.72247e-007
794.9,1.60476e-007
795,1.48683e-007
795.1,1.36873e-007
795.2,1.25051e-007
795.3,1.13221e-007
795.4,1.01389e-007
795.5,8.95586e-008
795.6,7.77351e-008
795.7,6.5923e-008
795.8,5.41271e-008
795.9,4.23519e-008
796,3.06023e-008
796.1,1.88826e-008
796.2,7.19766e-009
796.3,-4.44814e-009
796.4,-1.60502e-008
796.5,-2.76041e-008
796.6,-3.91054e-008
796.7,-5.05496e-008
796.8,-6.19324e-008
796.9,-7.32495e-008
797,-8.44965e-008
797.1,-9.56692e-008
797.2,-1.06763e-007
797.3,-1.17775e-007
797.4,-1.287e-007
797.5,-1.39534e-007
797.6,-1.50273e-007
797.7,-1.60913e-007
797.8,-1.71451e-007
797.9,-1.81883e-007
798,-1.92203e-007
798.1,-2.0241e-007
798.2,-2.125e-007
798.3,-2.22467e-007
798.4,-2.3231e-007
798.5,-2.42025e-007
798.6,-2.51608e-007
798.7,-2.61056e-007
798.8,-2.70365e-007
798.9,-2.79533e-007
799,-2.88555e-007
799.1,-2.9743e-007
799.2,-3.06154e-007
799.3,-3.14724e-007
799.4,-3.23138e-007
799.5,-3.31392e-007
799.6,-3.39483e-007
799.7,-3.4741e-007
799.8,-3.55169e-007
799.9,-3.62758e-007
800,-3.70175e-007
800.1,-3.77417e-007
800.2,-3.84482e-007
800.3,-3.91367e-007
800.4,-3.98072e-007
800.5,-4.04593e-007
800.6,-4.10928e-007
800.7,-4.17077e-007
800.8,-4.23036e-007
800.9,-4.28805e-007
801,-4.34382e-007
801.1,-4.39765e-007
801.2,-4.44952e-007
801.3,-4.49943e-007
801.4,-4.54736e-007
801.5,-4.59329e-007
801.6,-4.63723e-007
801.7,-4.67915e-007
801.8,-4.71905e-007
801.9,-4.75692e-007
802,-4.79274e-007
802.1,-4.82653e-007
802.2,-4.85826e-007
802.3,-4.88793e-007
802.4,-4.91554e-007
802.5,-4.94108e-007
802.6,-4.96456e-007
802.7,-4.98597e-007
802.8,-5.0053e-007
802.9,-5.02256e-007
803,-5.03776e-007
803.1,-5.05088e-007
803.2,-5.06193e-007
803.3,-5.07092e-007
803.4,-5.07785e-007
803.5,-5.08273e-007
803.6,-5.08555e-007
803.7,-5.08633e-007
803.8,-5.08507e-007
803.9,-5.08178e-007
804,-5.07647e-007
804.1,-5.06915e-007
804.2,-5.05982e-007
804.3,-5.04851e-007
804.4,-5.03522e-007
804.5,-5.01996e-007
804.6,-5.00275e-007
804.7,-4.9836e-007
804.8,-4.96253e-007
804.9,-4.93954e-007
805,-4.91467e-007
805.1,-4.88791e-007
805.2,-4.8593e-007
805.3,-4.82885e-007
805.4,-4.79658e-007
805.5,-4.7625e-007
805.6,-4.72664e-007
805.7,-4.68902e-007
805.8,-4.64966e-007
805.9,-4.60858e-007
806,-4.5658e-007
806.1,-4.52136e-007
806.2,-4.47526e-007
806.3,-4.42754e-007
806.4,-4.37822e-007
806.5,-4.32733e-007
806.6,-4.27489e-007
806.7,-4.22093e-007
806.8,-4.16547e-007
806.9,-4.10855e-007
807,-4.05019e-007
807.1,-3.99042e-007
807.2,-3.92927e-007
807.3,-3.86677e-007
807.4,-3.80294e-007
807.5,-3.73782e-007
807.6,-3.67145e-007
807.7,-3.60384e-007
807.8,-3.53504e-007
807.9,-3.46506e-007
808,-3.39396e-007
808.1,-3.32175e-007
808.2,-3.24848e-007
808.3,-3.17417e-007
808.4,-3.09885e-007
808.5,-3.02257e-007
808.6,-2.94535e-007
808.7,-2.86724e-007
808.8,-2.78826e-007
808.9,-2.70844e-007
809,-2.62783e-007
809.1,-2.54646e-007
809.2,-2.46437e-007
809.3,-2.38158e-007
809.4,-2.29814e-007
809.5,-2.21408e-007
809.6,-2.12944e-007
809.7,-2.04425e-007
809.8,-1.95855e-007
809.9,-1.87238e-007
810,-1.78576e-007
810.1,-1.69875e-007
810.2,-1.61136e-007
810.3,-1.52365e-007
810.4,-1.43564e-007
810.5,-1.34738e-007
810.6,-1.25889e-007
810.7,-1.17022e-007
810.8,-1.08141e-007
810.9,-9.92474e-008
811,-9.03465e-008
811.1,-8.14416e-008
811.2,-7.25361e-008
811.3,-6.36337e-008
811.4,-5.47378e-008
811.5,-4.58521e-008
811.6,-3.69801e-008
811.7,-2.81252e-008
811.8,-1.92909e-008
811.9,-1.04807e-008
812,-1.69802e-009
812.1,7.05371e-009
812.2,1.57711e-008
812.3,2.44508e-008
812.4,3.30895e-008
812.5,4.16839e-008
812.6,5.02306e-008
812.7,5.87265e-008
812.8,6.71683e-008
812.9,7.55528e-008
813,8.38769e-008
813.1,9.21376e-008
813.2,1.00332e-007
813.3,1.08456e-007
813.4,1.16508e-007
813.5,1.24484e-007
813.6,1.32382e-007
813.7,1.40198e-007
813.8,1.4793e-007
813.9,1.55575e-007
814,1.6313e-007
814.1,1.70593e-007
814.2,1.77961e-007
814.3,1.85231e-007
814.4,1.92401e-007
814.5,1.99468e-007
814.6,2.06429e-007
814.7,2.13284e-007
814.8,2.20028e-007
814.9,2.2666e-007
815,2.33177e-007
815.1,2.39578e-007
815.2,2.45859e-007
815.3,2.5202e-007
815.4,2.58058e-007
815.5,2.63971e-007
815.6,2.69757e-007
815.7,2.75414e-007
815.8,2.8094e-007
815.9,2.86335e-007
816,2.91595e-007
816.1,2.9672e-007
816.2,3.01708e-007
816.3,3.06557e-007
816.4,3.11266e-007
816.5,3.15834e-007
816.6,3.20258e-007
816.7,3.24539e-007
816.8,3.28675e-007
816.9,3.32664e-007
817,3.36506e-007
817.1,3.40199e-007
817.2,3.43743e-007
817.3,3.47137e-007
817.4,3.50379e-007
817.5,3.5347e-007
817.6,3.56408e-007
817.7,3.59193e-007
817.8,3.61825e-007
817.9,3.64302e-007
818,3.66625e-007
818.1,3.68792e-007
818.2,3.70804e-007
818.3,3.72661e-007
818.4,3.74362e-007
818.5,3.75907e-007
818.6,3.77296e-007
818.7,3.78529e-007
818.8,3.79607e-007
818.9,3.80528e-007
819,3.81295e-007
819.1,3.81905e-007
819.2,3.82361e-007
819.3,3.82663e-007
819.4,3.8281e-007
819.5,3.82803e-007
819.6,3.82644e-007
819.7,3.82332e-007
819.8,3.81868e-007
819.9,3.81253e-007
820,3.80487e-007
820.1,3.79573e-007
820.2,3.78509e-007
820.3,3.77299e-007
820.4,3.75941e-007
820.5,3.74438e-007
820.6,3.72791e-007
820.7,3.71001e-007
820.8,3.69068e-007
820.9,3.66995e-007
821,3.64783e-007
821.1,3.62433e-007
821.2,3.59946e-007
821.3,3.57324e-007
821.4,3.54569e-007
821.5,3.51681e-007
821.6,3.48664e-007
821.7,3.45518e-007
821.8,3.42245e-007
821.9,3.38846e-007
822,3.35325e-007
822.1,3.31682e-007
822.2,3.2792e-007
822.3,3.2404e-007
822.4,3.20044e-007
822.5,3.15935e-007
822.6,3.11714e-007
822.7,3.07383e-007
822.8,3.02945e-007
822.9,2.98402e-007
823,2.93756e-007
823.1,2.8901e-007
823.2,2.84164e-007
823.3,2.79223e-007
823.4,2.74187e-007
823.5,2.6906e-007
823.6,2.63844e-007
823.7,2.58541e-007
823.8,2.53154e-007
823.9,2.47685e-007
824,2.42137e-007
824.1,2.36511e-007
824.2,2.30812e-007
824.3,2.2504e-007
824.4,2.19199e-007
824.5,2.13292e-007
824.6,2.07321e-007
824.7,2.01288e-007
824.8,1.95196e-007
824.9,1.89048e-007
825,1.82847e-007
825.1,1.76595e-007
825.2,1.70294e-007
825.3,1.63949e-007
825.4,1.5756e-007
825.5,1.51132e-007
825.6,1.44666e-007
825.7,1.38166e-007
825.8,1.31634e-007
825.9,1.25072e-007
826,1.18484e-007
826.1,1.11873e-007
826.2,1.05241e-007
826.3,9.859e-008
826.4,9.19239e-008
826.5,8.5245e-008
826.6,7.8556e-008
826.7,7.18598e-008
826.8,6.51589e-008
826.9,5.8456e-008
827,5.17539e-008
827.1,4.50552e-008
827.2,3.83627e-008
827.3,3.16788e-008
827.4,2.50064e-008
827.5,1.8348e-008
827.6,1.17062e-008
827.7,5.0836e-009
827.8,-1.51716e-009
827.9,-8.09355e-009
828,-1.4643e-008
828.1,-2.11631e-008
828.2,-2.76512e-008
828.3,-3.41049e-008
828.4,-4.05217e-008
828.5,-4.68992e-008
828.6,-5.3235e-008
828.7,-5.95266e-008
828.8,-6.57718e-008
828.9,-7.19683e-008
829,-7.81136e-008
829.1,-8.42056e-008
829.2,-9.02419e-008
829.3,-9.62205e-008
829.4,-1.02139e-007
829.5,-1.07995e-007
829.6,-1.13787e-007
829.7,-1.19513e-007
829.8,-1.2517e-007
829.9,-1.30757e-007
830,-1.36272e-007
830.1,-1.41712e-007
830.2,-1.47076e-007
830.3,-1.52361e-007
830.4,-1.57567e-007
830.5,-1.62691e-007
830.6,-1.67731e-007
830.7,-1.72686e-007
830.8,-1.77555e-007
830.9,-1.82334e-007
831,-1.87024e-007
831.1,-1.91622e-007
831.2,-1.96126e-007
831.3,-2.00536e-007
831.4,-2.0485e-007
831.5,-2.09067e-007
831.6,-2.13184e-007
831.7,-2.17202e-007
831.8,-2.21118e-007
831.9,-2.24932e-007
832,-2.28642e-007
832.1,-2.32247e-007
832.2,-2.35746e-007
832.3,-2.39139e-007
832.4,-2.42423e-007
832.5,-2.45599e-007
832.6,-2.48665e-007
832.7,-2.5162e-007
832.8,-2.54465e-007
832.9,-2.57197e-007
833,-2.59816e-007
833.1,-2.62322e-007
833.2,-2.64715e-007
833.3,-2.66992e-007
833.4,-2.69155e-007
833.5,-2.71202e-007
833.6,-2.73134e-007
833.7,-2.74949e-007
833.8,-2.76647e-007
833.9,-2.78229e-007
834,-2.79694e-007
834.1,-2.81042e-007
834.2,-2.82273e-007
834.3,-2.83386e-007
834.4,-2.84382e-007
834.5,-2.8526e-007
834.6,-2.86021e-007
834.7,-2.86665e-007
834.8,-2.87192e-007
834.9,-2.87603e-007
835,-2.87896e-007
835.1,-2.88074e-007
835.2,-2.88136e-007
835.3,-2.88082e-007
835.4,-2.87913e-007
835.5,-2.8763e-007
835.6,-2.87232e-007
835.7,-2.86721e-007
835.8,-2.86097e-007
835.9,-2.85362e-007
836,-2.84514e-007
836.1,-2.83556e-007
836.2,-2.82488e-007
836.3,-2.8131e-007
836.4,-2.80025e-007
836.5,-2.78632e-007
836.6,-2.77133e-007
836.7,-2.75528e-007
836.8,-2.73818e-007
836.9,-2.72006e-007
837,-2.70091e-007
837.1,-2.68075e-007
837.2,-2.65959e-007
837.3,-2.63744e-007
837.4,-2.61431e-007
837.5,-2.59023e-007
837.6,-2.56519e-007
837.7,-2.53922e-007
837.8,-2.51233e-007
837.9,-2.48453e-007
838,-2.45583e-007
838.1,-2.42626e-007
838.2,-2.39582e-007
838.3,-2.36453e-007
838.4,-2.33241e-007
838.5,-2.29947e-007
838.6,-2.26573e-007
838.7,-2.23121e-007
838.8,-2.19592e-007
838.9,-2.15988e-007
839,-2.1231e-007
839.1,-2.0856e-007
839.2,-2.04741e-007
839.3,-2.00854e-007
839.4,-1.969e-007
839.5,-1.92881e-007
839.6,-1.888e-007
839.7,-1.84658e-007
839.8,-1.80457e-007
839.9,-1.762e-007
840,-1.71887e-007
840.1,-1.6752e-007
840.2,-1.63103e-007
840.3,-1.58636e-007
840.4,-1.54122e-007
840.5,-1.49562e-007
840.6,-1.44959e-007
840.7,-1.40314e-007
840.8,-1.3563e-007
840.9,-1.30909e-007
841,-1.26152e-007
841.1,-1.21362e-007
841.2,-1.16541e-007
841.3,-1.11691e-007
841.4,-1.06813e-007
841.5,-1.0191e-007
841.6,-9.69838e-008
841.7,-9.20367e-008
841.8,-8.70705e-008
841.9,-8.20875e-008
842,-7.70895e-008
842.1,-7.20787e-008
842.2,-6.70571e-008
842.3,-6.20268e-008
842.4,-5.69897e-008
842.5,-5.1948e-008
842.6,-4.69037e-008
842.7,-4.18587e-008
842.8,-3.68152e-008
842.9,-3.17751e-008
843,-2.67405e-008
843.1,-2.17132e-008
843.2,-1.66954e-008
843.3,-1.1689e-008
843.4,-6.69592e-009
843.5,-1.71814e-009
843.6,3.24241e-009
843.7,8.18381e-009
843.8,1.31041e-008
843.9,1.80015e-008
844,2.28741e-008
844.1,2.77199e-008
844.2,3.25372e-008
844.3,3.73242e-008
844.4,4.2079e-008
844.5,4.67999e-008
844.6,5.1485e-008
844.7,5.61327e-008
844.8,6.07412e-008
844.9,6.53088e-008
845,6.98338e-008
845.1,7.43147e-008
845.2,7.87496e-008
845.3,8.31371e-008
845.4,8.74755e-008
845.5,9.17634e-008
845.6,9.59991e-008
845.7,1.00181e-007
845.8,1.04308e-007
845.9,1.08378e-007
846,1.12391e-007
846.1,1.16344e-007
846.2,1.20236e-007
846.3,1.24066e-007
846.4,1.27833e-007
846.5,1.31534e-007
846.6,1.3517e-007
846.7,1.38739e-007
846.8,1.4224e-007
846.9,1.45671e-007
847,1.49031e-007
847.1,1.5232e-007
847.2,1.55536e-007
847.3,1.58678e-007
847.4,1.61745e-007
847.5,1.64737e-007
847.6,1.67652e-007
847.7,1.70489e-007
847.8,1.73248e-007
847.9,1.75928e-007
848,1.78528e-007
848.1,1.81047e-007
848.2,1.83484e-007
848.3,1.85839e-007
848.4,1.88112e-007
848.5,1.90301e-007
848.6,1.92406e-007
848.7,1.94426e-007
848.8,1.96362e-007
848.9,1.98212e-007
849,1.99976e-007
849.1,2.01654e-007
849.2,2.03245e-007
849.3,2.04748e-007
849.4,2.06165e-007
849.5,2.07494e-007
849.6,2.08735e-007
849.7,2.09889e-007
849.8,2.10954e-007
849.9,2.11931e-007
850,2.1282e-007
850.1,2.1362e-007
850.2,2.14332e-007
850.3,2.14956e-007
850.4,2.15491e-007
850.5,2.15939e-007
850.6,2.16298e-007
850.7,2.1657e-007
850.8,2.16754e-007
850.9,2.1685e-007
851,2.1686e-007
851.1,2.16783e-007
851.2,2.16619e-007
851.3,2.16369e-007
851.4,2.16034e-007
851.5,2.15613e-007
851.6,2.15108e-007
851.7,2.14519e-007
851.8,2.13845e-007
851.9,2.13089e-007
852,2.1225e-007
852.1,2.11329e-007
852.2,2.10327e-007
852.3,2.09245e-007
852.4,2.08083e-007
852.5,2.06841e-007
852.6,2.05522e-007
852.7,2.04125e-007
852.8,2.02651e-007
852.9,2.01102e-007
853,1.99477e-007
853.1,1.97779e-007
853.2,1.96008e-007
853.3,1.94165e-007
853.4,1.9225e-007
853.5,1.90266e-007
853.6,1.88213e-007
853.7,1.86092e-007
853.8,1.83904e-007
853.9,1.8165e-007
854,1.79332e-007
854.1,1.7695e-007
854.2,1.74507e-007
854.3,1.72002e-007
854.4,1.69437e-007
854.5,1.66814e-007
854.6,1.64134e-007
854.7,1.61397e-007
854.8,1.58606e-007
854.9,1.55762e-007
855,1.52865e-007
855.1,1.49918e-007
855.2,1.46921e-007
855.3,1.43877e-007
855.4,1.40785e-007
855.5,1.37649e-007
855.6,1.34469e-007
855.7,1.31246e-007
855.8,1.27983e-007
855.9,1.2468e-007
856,1.21339e-007
856.1,1.17962e-007
856.2,1.1455e-007
856.3,1.11104e-007
856.4,1.07626e-007
856.5,1.04117e-007
856.6,1.0058e-007
856.7,9.70149e-008
856.8,9.34239e-008
856.9,8.98085e-008
857,8.61703e-008
857.1,8.25106e-008
857.2,7.88311e-008
857.3,7.51333e-008
857.4,7.14188e-008
857.5,6.76891e-008
857.6,6.39457e-008
857.7,6.01902e-008
857.8,5.64242e-008
857.9,5.26492e-008
858,4.88667e-008
858.1,4.50782e-008
858.2,4.12854e-008
858.3,3.74897e-008
858.4,3.36927e-008
858.5,2.98958e-008
858.6,2.61007e-008
858.7,2.23088e-008
858.8,1.85217e-008
858.9,1.47407e-008
859,1.09675e-008
859.1,7.20346e-009
859.2,3.45009e-009
859.3,-2.91139e-010
859.4,-4.01879e-009
859.5,-7.73141e-009
859.6,-1.14276e-008
859.7,-1.51059e-008
859.8,-1.87649e-008
859.9,-2.24032e-008
860,-2.60194e-008
860.1,-2.96123e-008
860.2,-3.31803e-008
860.3,-3.67223e-008
860.4,-4.02368e-008
860.5,-4.37225e-008
860.6,-4.71782e-008
860.7,-5.06026e-008
860.8,-5.39945e-008
860.9,-5.73525e-008
861,-6.06755e-008
861.1,-6.39623e-008
861.2,-6.72116e-008
861.3,-7.04224e-008
861.4,-7.35934e-008
861.5,-7.67236e-008
861.6,-7.98118e-008
861.7,-8.2857e-008
861.8,-8.58581e-008
861.9,-8.8814e-008
862,-9.17238e-008
862.1,-9.45864e-008
862.2,-9.74008e-008
862.3,-1.00166e-007
862.4,-1.02882e-007
862.5,-1.05546e-007
862.6,-1.08159e-007
862.7,-1.10719e-007
862.8,-1.13225e-007
862.9,-1.15677e-007
863,-1.18074e-007
863.1,-1.20415e-007
863.2,-1.227e-007
863.3,-1.24927e-007
863.4,-1.27096e-007
863.5,-1.29207e-007
863.6,-1.31258e-007
863.7,-1.3325e-007
863.8,-1.35181e-007
863.9,-1.37051e-007
864,-1.38859e-007
864.1,-1.40606e-007
864.2,-1.42289e-007
864.3,-1.4391e-007
864.4,-1.45468e-007
864.5,-1.46961e-007
864.6,-1.48391e-007
864.7,-1.49756e-007
864.8,-1.51056e-007
864.9,-1.52291e-007
865,-1.53461e-007
865.1,-1.54565e-007
865.2,-1.55603e-007
865.3,-1.56576e-007
865.4,-1.57482e-007
865.5,-1.58322e-007
865.6,-1.59095e-007
865.7,-1.59802e-007
865.8,-1.60443e-007
865.9,-1.61017e-007
866,-1.61525e-007
866.1,-1.61966e-007
866.2,-1.62341e-007
866.3,-1.6265e-007
866.4,-1.62893e-007
866.5,-1.63069e-007
866.6,-1.6318e-007
866.7,-1.63225e-007
866.8,-1.63204e-007
866.9,-1.63118e-007
867,-1.62968e-007
867.1,-1.62752e-007
867.2,-1.62473e-007
867.3,-1.62129e-007
867.4,-1.61722e-007
867.5,-1.61251e-007
867.6,-1.60718e-007
867.7,-1.60122e-007
867.8,-1.59465e-007
867.9,-1.58746e-007
868,-1.57966e-007
868.1,-1.57126e-007
868.2,-1.56226e-007
868.3,-1.55266e-007
868.4,-1.54248e-007
868.5,-1.53172e-007
868.6,-1.52039e-007
868.7,-1.50849e-007
868.8,-1.49603e-007
868.9,-1.48301e-007
869,-1.46945e-007
869.1,-1.45535e-007
869.2,-1.44071e-007
869.3,-1.42556e-007
869.4,-1.40989e-007
869.5,-1.39371e-007
869.6,-1.37703e-007
869.7,-1.35986e-007
869.8,-1.34221e-007
869.9,-1.32408e-007
870,-1.3055e-007
870.1,-1.28645e-007
870.2,-1.26696e-007
870.3,-1.24703e-007
870.4,-1.22668e-007
870.5,-1.20591e-007
870.6,-1.18473e-007
870.7,-1.16315e-007
870.8,-1.14119e-007
870.9,-1.11885e-007
871,-1.09614e-007
871.1,-1.07307e-007
871.2,-1.04966e-007
871.3,-1.02592e-007
871.4,-1.00184e-007
871.5,-9.77457e-008
871.6,-9.52768e-008
871.7,-9.27786e-008
871.8,-9.02524e-008
871.9,-8.76991e-008
872,-8.51199e-008
872.1,-8.2516e-008
872.2,-7.98884e-008
872.3,-7.72384e-008
872.4,-7.4567e-008
872.5,-7.18754e-008
872.6,-6.91647e-008
872.7,-6.64361e-008
872.8,-6.36907e-008
872.9,-6.09298e-008
873,-5.81544e-008
873.1,-5.53658e-008
873.2,-5.25651e-008
873.3,-4.97534e-008
873.4,-4.69319e-008
873.5,-4.41018e-008
873.6,-4.12643e-008
873.7,-3.84205e-008
873.8,-3.55715e-008
873.9,-3.27186e-008
874,-2.98628e-008
874.1,-2.70054e-008
874.2,-2.41475e-008
874.3,-2.12902e-008
874.4,-1.84347e-008
874.5,-1.55821e-008
874.6,-1.27335e-008
874.7,-9.89007e-009
874.8,-7.05293e-009
874.9,-4.22318e-009
875,-1.40193e-009
875.1,1.40972e-009
875.2,4.21069e-009
875.3,6.99989e-009
875.4,9.77625e-009
875.5,1.25387e-008
875.6,1.52862e-008
875.7,1.80177e-008
875.8,2.07321e-008
875.9,2.34285e-008
876,2.61058e-008
876.1,2.8763e-008
876.2,3.13992e-008
876.3,3.40133e-008
876.4,3.66044e-008
876.5,3.91715e-008
876.6,4.17137e-008
876.7,4.42301e-008
876.8,4.67197e-008
876.9,4.91817e-008
877,5.16151e-008
877.1,5.40191e-008
877.2,5.63929e-008
877.3,5.87356e-008
877.4,6.10463e-008
877.5,6.33243e-008
877.6,6.55688e-008
877.7,6.77789e-008
877.8,6.9954e-008
877.9,7.20933e-008
878,7.4196e-008
878.1,7.62615e-008
878.2,7.82891e-008
878.3,8.0278e-008
878.4,8.22277e-008
878.5,8.41374e-008
878.6,8.60066e-008
878.7,8.78347e-008
878.8,8.96211e-008
878.9,9.13652e-008
879,9.30665e-008
879.1,9.47244e-008
879.2,9.63385e-008
879.3,9.79082e-008
879.4,9.94331e-008
879.5,1.00913e-007
879.6,1.02347e-007
879.7,1.03735e-007
879.8,1.05076e-007
879.9,1.0637e-007
880,1.07618e-007
880.1,1.08817e-007
880.2,1.09969e-007
880.3,1.11073e-007
880.4,1.12128e-007
880.5,1.13135e-007
880.6,1.14093e-007
880.7,1.15002e-007
880.8,1.15861e-007
880.9,1.16671e-007
881,1.17432e-007
881.1,1.18143e-007
881.2,1.18803e-007
881.3,1.19414e-007
881.4,1.19976e-007
881.5,1.20487e-007
881.6,1.20948e-007
881.7,1.21359e-007
881.8,1.2172e-007
881.9,1.22031e-007
882,1.22292e-007
882.1,1.22503e-007
882.2,1.22664e-007
882.3,1.22776e-007
882.4,1.22838e-007
882.5,1.22851e-007
882.6,1.22815e-007
882.7,1.2273e-007
882.8,1.22596e-007
882.9,1.22413e-007
883,1.22182e-007
883.1,1.21903e-007
883.2,1.21576e-007
883.3,1.21202e-007
883.4,1.20781e-007
883.5,1.20313e-007
883.6,1.19798e-007
883.7,1.19238e-007
883.8,1.18631e-007
883.9,1.1798e-007
884,1.17283e-007
884.1,1.16542e-007
884.2,1.15758e-007
884.3,1.14929e-007
884.4,1.14058e-007
884.5,1.13145e-007
884.6,1.12189e-007
884.7,1.11192e-007
884.8,1.10154e-007
884.9,1.09075e-007
885,1.07957e-007
885.1,1.068e-007
885.2,1.05604e-007
885.3,1.04371e-007
885.4,1.03099e-007
885.5,1.01792e-007
885.6,1.00448e-007
885.7,9.9069e-008
885.8,9.76553e-008
885.9,9.62076e-008
886,9.47267e-008
886.1,9.32131e-008
886.2,9.16678e-008
886.3,9.00913e-008
886.4,8.84845e-008
886.5,8.68481e-008
886.6,8.51828e-008
886.7,8.34894e-008
886.8,8.17688e-008
886.9,8.00216e-008
887,7.82487e-008
887.1,7.64509e-008
887.2,7.4629e-008
887.3,7.27838e-008
887.4,7.09161e-008
887.5,6.90268e-008
887.6,6.71167e-008
887.7,6.51866e-008
887.8,6.32374e-008
887.9,6.12699e-008
888,5.92849e-008
888.1,5.72834e-008
888.2,5.52662e-008
888.3,5.32342e-008
888.4,5.11882e-008
888.5,4.9129e-008
888.6,4.70577e-008
888.7,4.49749e-008
888.8,4.28817e-008
888.9,4.07788e-008
889,3.86672e-008
889.1,3.65478e-008
889.2,3.44213e-008
889.3,3.22888e-008
889.4,3.0151e-008
889.5,2.80088e-008
889.6,2.58632e-008
889.7,2.37149e-008
889.8,2.15649e-008
889.9,1.9414e-008
890,1.7263e-008
890.1,1.51129e-008
890.2,1.29645e-008
890.3,1.08187e-008
890.4,8.67622e-009
890.5,6.538e-009
890.6,4.40487e-009
890.7,2.27766e-009
890.8,1.57196e-010
890.9,-1.9557e-009
891,-4.06021e-009
891.1,-6.15551e-009
891.2,-8.24081e-009
891.3,-1.03153e-008
891.4,-1.23782e-008
891.5,-1.44287e-008
891.6,-1.64661e-008
891.7,-1.84896e-008
891.8,-2.04983e-008
891.9,-2.24917e-008
892,-2.44688e-008
892.1,-2.64291e-008
892.2,-2.83717e-008
892.3,-3.0296e-008
892.4,-3.22013e-008
892.5,-3.40868e-008
892.6,-3.59519e-008
892.7,-3.77959e-008
892.8,-3.96181e-008
892.9,-4.14179e-008
893,-4.31947e-008
893.1,-4.49478e-008
893.2,-4.66766e-008
893.3,-4.83805e-008
893.4,-5.0059e-008
893.5,-5.17113e-008
893.6,-5.33371e-008
893.7,-5.49356e-008
893.8,-5.65064e-008
893.9,-5.8049e-008
894,-5.95628e-008
894.1,-6.10473e-008
894.2,-6.2502e-008
894.3,-6.39265e-008
894.4,-6.53203e-008
894.5,-6.6683e-008
894.6,-6.80141e-008
894.7,-6.93132e-008
894.8,-7.05799e-008
894.9,-7.18138e-008
895,-7.30145e-008
895.1,-7.41817e-008
895.2,-7.5315e-008
895.3,-7.64141e-008
895.4,-7.74787e-008
895.5,-7.85085e-008
895.6,-7.95032e-008
895.7,-8.04625e-008
895.8,-8.13861e-008
895.9,-8.22739e-008
896,-8.31255e-008
896.1,-8.39409e-008
896.2,-8.47197e-008
896.3,-8.54618e-008
896.4,-8.61671e-008
896.5,-8.68354e-008
896.6,-8.74665e-008
896.7,-8.80604e-008
896.8,-8.86169e-008
896.9,-8.9136e-008
897,-8.96175e-008
897.1,-9.00615e-008
897.2,-9.04678e-008
897.3,-9.08365e-008
897.4,-9.11675e-008
897.5,-9.14609e-008
897.6,-9.17166e-008
897.7,-9.19347e-008
897.8,-9.21153e-008
897.9,-9.22584e-008
898,-9.2364e-008
898.1,-9.24323e-008
898.2,-9.24634e-008
898.3,-9.24574e-008
898.4,-9.24145e-008
898.5,-9.23347e-008
898.6,-9.22183e-008
898.7,-9.20654e-008
898.8,-9.18762e-008
898.9,-9.1651e-008
899,-9.13899e-008
899.1,-9.10932e-008
899.2,-9.07612e-008
899.3,-9.0394e-008
899.4,-8.9992e-008
899.5,-8.95554e-008
899.6,-8.90846e-008
899.7,-8.85799e-008
899.8,-8.80415e-008
899.9,-8.74699e-008
900,-8.68653e-008
900.1,-8.62282e-008
900.2,-8.55588e-008
900.3,-8.48577e-008
900.4,-8.41251e-008
900.5,-8.33615e-008
900.6,-8.25673e-008
900.7,-8.1743e-008
900.8,-8.08889e-008
900.9,-8.00056e-008
901,-7.90934e-008
901.1,-7.81528e-008
901.2,-7.71844e-008
901.3,-7.61886e-008
901.4,-7.5166e-008
901.5,-7.41169e-008
901.6,-7.30419e-008
901.7,-7.19416e-008
901.8,-7.08165e-008
901.9,-6.96672e-008
902,-6.84941e-008
902.1,-6.72978e-008
902.2,-6.60789e-008
902.3,-6.48379e-008
902.4,-6.35755e-008
902.5,-6.22922e-008
902.6,-6.09886e-008
902.7,-5.96653e-008
902.8,-5.8323e-008
902.9,-5.69621e-008
903,-5.55833e-008
903.1,-5.41872e-008
903.2,-5.27745e-008
903.3,-5.13458e-008
903.4,-4.99017e-008
903.5,-4.84428e-008
903.6,-4.69698e-008
903.7,-4.54833e-008
903.8,-4.3984e-008
903.9,-4.24725e-008
904,-4.09494e-008
904.1,-3.94154e-008
904.2,-3.78712e-008
904.3,-3.63174e-008
904.4,-3.47547e-008
904.5,-3.31837e-008
904.6,-3.1605e-008
904.7,-3.00195e-008
904.8,-2.84276e-008
904.9,-2.683e-008
905,-2.52275e-008
905.1,-2.36207e-008
905.2,-2.20102e-008
905.3,-2.03967e-008
905.4,-1.87808e-008
905.5,-1.71633e-008
905.6,-1.55447e-008
905.7,-1.39257e-008
905.8,-1.2307e-008
905.9,-1.06892e-008
906,-9.07292e-009
906.1,-7.45884e-009
906.2,-5.84758e-009
906.3,-4.23979e-009
906.4,-2.63609e-009
906.5,-1.03711e-009
906.6,5.56526e-010
906.7,2.1442e-009
906.8,3.72531e-009
906.9,5.29923e-009
907,6.86537e-009
907.1,8.42313e-009
907.2,9.9719e-009
907.3,1.15111e-008
907.4,1.30402e-008
907.5,1.45585e-008
907.6,1.60656e-008
907.7,1.75608e-008
907.8,1.90436e-008
907.9,2.05134e-008
908,2.19698e-008
908.1,2.34121e-008
908.2,2.48398e-008
908.3,2.62525e-008
908.4,2.76496e-008
908.5,2.90306e-008
908.6,3.0395e-008
908.7,3.17424e-008
908.8,3.30722e-008
908.9,3.4384e-008
909,3.56773e-008
909.1,3.69517e-008
909.2,3.82067e-008
909.3,3.94419e-008
909.4,4.06569e-008
909.5,4.18513e-008
909.6,4.30246e-008
909.7,4.41765e-008
909.8,4.53065e-008
909.9,4.64144e-008
910,4.74997e-008
910.1,4.85621e-008
910.2,4.96013e-008
910.3,5.06169e-008
910.4,5.16086e-008
910.5,5.2576e-008
910.6,5.3519e-008
910.7,5.44371e-008
910.8,5.53302e-008
910.9,5.61979e-008
911,5.704e-008
911.1,5.78563e-008
911.2,5.86465e-008
911.3,5.94104e-008
911.4,6.01478e-008
911.5,6.08584e-008
911.6,6.15422e-008
911.7,6.21989e-008
911.8,6.28283e-008
911.9,6.34303e-008
912,6.40048e-008
912.1,6.45517e-008
912.2,6.50707e-008
912.3,6.55618e-008
912.4,6.6025e-008
912.5,6.64601e-008
912.6,6.6867e-008
912.7,6.72457e-008
912.8,6.75961e-008
912.9,6.79183e-008
913,6.82121e-008
913.1,6.84776e-008
913.2,6.87147e-008
913.3,6.89235e-008
913.4,6.9104e-008
913.5,6.92562e-008
913.6,6.93801e-008
913.7,6.94758e-008
913.8,6.95434e-008
913.9,6.9583e-008
914,6.95945e-008
914.1,6.95782e-008
914.2,6.95341e-008
914.3,6.94624e-008
914.4,6.93631e-008
914.5,6.92364e-008
914.6,6.90825e-008
914.7,6.89016e-008
914.8,6.86937e-008
914.9,6.84591e-008
915,6.81979e-008
915.1,6.79104e-008
915.2,6.75968e-008
915.3,6.72572e-008
915.4,6.6892e-008
915.5,6.65014e-008
915.6,6.60855e-008
915.7,6.56447e-008
915.8,6.51793e-008
915.9,6.46894e-008
916,6.41755e-008
916.1,6.36377e-008
916.2,6.30764e-008
916.3,6.24919e-008
916.4,6.18844e-008
916.5,6.12545e-008
916.6,6.06023e-008
916.7,5.99282e-008
916.8,5.92325e-008
916.9,5.85157e-008
917,5.7778e-008
917.1,5.70199e-008
917.2,5.62417e-008
917.3,5.54438e-008
917.4,5.46266e-008
917.5,5.37905e-008
917.6,5.29359e-008
917.7,5.20632e-008
917.8,5.11728e-008
917.9,5.02652e-008
918,4.93407e-008
918.1,4.83998e-008
918.2,4.74429e-008
918.3,4.64705e-008
918.4,4.5483e-008
918.5,4.44808e-008
918.6,4.34645e-008
918.7,4.24345e-008
918.8,4.13912e-008
918.9,4.03351e-008
919,3.92666e-008
919.1,3.81863e-008
919.2,3.70946e-008
919.3,3.5992e-008
919.4,3.4879e-008
919.5,3.3756e-008
919.6,3.26236e-008
919.7,3.14822e-008
919.8,3.03323e-008
919.9,2.91745e-008
920,2.80091e-008
920.1,2.68367e-008
920.2,2.56578e-008
920.3,2.44729e-008
920.4,2.32824e-008
920.5,2.20869e-008
920.6,2.08869e-008
920.7,1.96829e-008
920.8,1.84753e-008
920.9,1.72647e-008
921,1.60515e-008
921.1,1.48363e-008
921.2,1.36195e-008
921.3,1.24017e-008
921.4,1.11833e-008
921.5,9.96477e-009
921.6,8.74666e-009
921.7,7.52943e-009
921.8,6.31358e-009
921.9,5.09958e-009
922,3.88791e-009
922.1,2.67904e-009
922.2,1.47346e-009
922.3,2.71628e-010
922.4,-9.25987e-010
922.5,-2.11892e-009
922.6,-3.30671e-009
922.7,-4.4889e-009
922.8,-5.66504e-009
922.9,-6.83468e-009
923,-7.99738e-009
923.1,-9.15269e-009
923.2,-1.03002e-008
923.3,-1.14394e-008
923.4,-1.257e-008
923.5,-1.36915e-008
923.6,-1.48034e-008
923.7,-1.59054e-008
923.8,-1.69971e-008
923.9,-1.80781e-008
924,-1.91479e-008
924.1,-2.02063e-008
924.2,-2.12527e-008
924.3,-2.22869e-008
924.4,-2.33084e-008
924.5,-2.4317e-008
924.6,-2.53121e-008
924.7,-2.62936e-008
924.8,-2.7261e-008
924.9,-2.82141e-008
925,-2.91524e-008
925.1,-3.00757e-008
925.2,-3.09836e-008
925.3,-3.18758e-008
925.4,-3.27521e-008
925.5,-3.36122e-008
925.6,-3.44557e-008
925.7,-3.52824e-008
925.8,-3.6092e-008
925.9,-3.68842e-008
926,-3.76588e-008
926.1,-3.84156e-008
926.2,-3.91543e-008
926.3,-3.98747e-008
926.4,-4.05765e-008
926.5,-4.12596e-008
926.6,-4.19237e-008
926.7,-4.25687e-008
926.8,-4.31943e-008
926.9,-4.38003e-008
927,-4.43867e-008
927.1,-4.49532e-008
927.2,-4.54997e-008
927.3,-4.6026e-008
927.4,-4.6532e-008
927.5,-4.70176e-008
927.6,-4.74826e-008
927.7,-4.7927e-008
927.8,-4.83505e-008
927.9,-4.87533e-008
928,-4.9135e-008
928.1,-4.94958e-008
928.2,-4.98354e-008
928.3,-5.01539e-008
928.4,-5.04512e-008
928.5,-5.07272e-008
928.6,-5.09819e-008
928.7,-5.12154e-008
928.8,-5.14275e-008
928.9,-5.16182e-008
929,-5.17877e-008
929.1,-5.19358e-008
929.2,-5.20626e-008
929.3,-5.21681e-008
929.4,-5.22524e-008
929.5,-5.23155e-008
929.6,-5.23574e-008
929.7,-5.23782e-008
929.8,-5.2378e-008
929.9,-5.23568e-008
930,-5.23148e-008
930.1,-5.2252e-008
930.2,-5.21686e-008
930.3,-5.20645e-008
930.4,-5.194e-008
930.5,-5.17952e-008
930.6,-5.16302e-008
930.7,-5.14451e-008
930.8,-5.12402e-008
930.9,-5.10154e-008
931,-5.07711e-008
931.1,-5.05073e-008
931.2,-5.02243e-008
931.3,-4.99222e-008
931.4,-4.96012e-008
931.5,-4.92616e-008
931.6,-4.89034e-008
931.7,-4.8527e-008
931.8,-4.81326e-008
931.9,-4.77203e-008
932,-4.72904e-008
932.1,-4.68431e-008
932.2,-4.63787e-008
932.3,-4.58974e-008
932.4,-4.53995e-008
932.5,-4.48852e-008
932.6,-4.43549e-008
932.7,-4.38086e-008
932.8,-4.32469e-008
932.9,-4.26698e-008
933,-4.20778e-008
933.1,-4.14711e-008
933.2,-4.08499e-008
933.3,-4.02147e-008
933.4,-3.95657e-008
933.5,-3.89031e-008
933.6,-3.82274e-008
933.7,-3.75389e-008
933.8,-3.68378e-008
933.9,-3.61245e-008
934,-3.53993e-008
934.1,-3.46625e-008
934.2,-3.39146e-008
934.3,-3.31558e-008
934.4,-3.23864e-008
934.5,-3.16068e-008
934.6,-3.08175e-008
934.7,-3.00186e-008
934.8,-2.92106e-008
934.9,-2.83938e-008
935,-2.75687e-008
935.1,-2.67354e-008
935.2,-2.58945e-008
935.3,-2.50462e-008
935.4,-2.4191e-008
935.5,-2.33291e-008
935.6,-2.24611e-008
935.7,-2.15871e-008
935.8,-2.07077e-008
935.9,-1.98232e-008
936,-1.89339e-008
936.1,-1.80403e-008
936.2,-1.71427e-008
936.3,-1.62414e-008
936.4,-1.53369e-008
936.5,-1.44295e-008
936.6,-1.35196e-008
936.7,-1.26075e-008
936.8,-1.16937e-008
936.9,-1.07785e-008
937,-9.86234e-009
937.1,-8.9455e-009
937.2,-8.02837e-009
937.3,-7.11134e-009
937.4,-6.19476e-009
937.5,-5.279e-009
937.6,-4.36443e-009
937.7,-3.45141e-009
937.8,-2.54029e-009
937.9,-1.63144e-009
938,-7.25204e-010
938.1,1.78058e-010
938.2,1.078e-009
938.3,1.97427e-009
938.4,2.86652e-009
938.5,3.75441e-009
938.6,4.63761e-009
938.7,5.51577e-009
938.8,6.38856e-009
938.9,7.25565e-009
939,8.11673e-009
939.1,8.97145e-009
939.2,9.81951e-009
939.3,1.06606e-008
939.4,1.14944e-008
939.5,1.23206e-008
939.6,1.31388e-008
939.7,1.39489e-008
939.8,1.47505e-008
939.9,1.55433e-008
940,1.6327e-008
940.1,1.71014e-008
940.2,1.78662e-008
940.3,1.8621e-008
940.4,1.93657e-008
940.5,2.01e-008
940.6,2.08235e-008
940.7,2.15362e-008
940.8,2.22376e-008
940.9,2.29277e-008
941,2.36061e-008
941.1,2.42726e-008
941.2,2.4927e-008
941.3,2.5569e-008
941.4,2.61985e-008
941.5,2.68153e-008
941.6,2.74192e-008
941.7,2.80098e-008
941.8,2.85872e-008
941.9,2.91511e-008
942,2.97012e-008
942.1,3.02375e-008
942.2,3.07598e-008
942.3,3.12679e-008
942.4,3.17616e-008
942.5,3.22409e-008
942.6,3.27055e-008
942.7,3.31554e-008
942.8,3.35904e-008
942.9,3.40104e-008
943,3.44153e-008
943.1,3.4805e-008
943.2,3.51793e-008
943.3,3.55383e-008
943.4,3.58817e-008
943.5,3.62095e-008
943.6,3.65217e-008
943.7,3.68181e-008
943.8,3.70987e-008
943.9,3.73635e-008
944,3.76124e-008
944.1,3.78454e-008
944.2,3.80623e-008
944.3,3.82633e-008
944.4,3.84482e-008
944.5,3.86171e-008
944.6,3.87699e-008
944.7,3.89067e-008
944.8,3.90274e-008
944.9,3.91321e-008
945,3.92208e-008
945.1,3.92934e-008
945.2,3.93501e-008
945.3,3.93908e-008
945.4,3.94156e-008
945.5,3.94246e-008
945.6,3.94177e-008
945.7,3.93951e-008
945.8,3.93569e-008
945.9,3.9303e-008
946,3.92336e-008
946.1,3.91488e-008
946.2,3.90486e-008
946.3,3.89331e-008
946.4,3.88025e-008
946.5,3.86568e-008
946.6,3.84962e-008
946.7,3.83208e-008
946.8,3.81307e-008
946.9,3.7926e-008
947,3.77069e-008
947.1,3.74735e-008
947.2,3.72259e-008
947.3,3.69644e-008
947.4,3.6689e-008
947.5,3.63999e-008
947.6,3.60973e-008
947.7,3.57813e-008
947.8,3.54522e-008
947.9,3.51101e-008
948,3.47551e-008
948.1,3.43876e-008
948.2,3.40076e-008
948.3,3.36153e-008
948.4,3.32111e-008
948.5,3.2795e-008
948.6,3.23673e-008
948.7,3.19281e-008
948.8,3.14778e-008
948.9,3.10165e-008
949,3.05445e-008
949.1,3.0062e-008
949.2,2.95691e-008
949.3,2.90662e-008
949.4,2.85535e-008
949.5,2.80313e-008
949.6,2.74997e-008
949.7,2.6959e-008
949.8,2.64094e-008
949.9,2.58513e-008
950,2.52848e-008
950.1,2.47103e-008
950.2,2.4128e-008
950.3,2.35381e-008
950.4,2.29409e-008
950.5,2.23367e-008
950.6,2.17257e-008
950.7,2.11082e-008
950.8,2.04846e-008
950.9,1.98549e-008
951,1.92196e-008
951.1,1.85789e-008
951.2,1.79331e-008
951.3,1.72824e-008
951.4,1.66271e-008
951.5,1.59676e-008
951.6,1.5304e-008
951.7,1.46367e-008
951.8,1.3966e-008
951.9,1.32921e-008
952,1.26153e-008
952.1,1.19359e-008
952.2,1.12541e-008
952.3,1.05703e-008
952.4,9.88476e-009
952.5,9.19772e-009
952.6,8.50947e-009
952.7,7.82029e-009
952.8,7.13047e-009
952.9,6.44028e-009
953,5.74999e-009
953.1,5.05989e-009
953.2,4.37026e-009
953.3,3.68135e-009
953.4,2.99346e-009
953.5,2.30684e-009
953.6,1.62177e-009
953.7,9.38524e-010
953.8,2.57358e-010
953.9,-4.21458e-010
954,-1.09766e-009
954.1,-1.77099e-009
954.2,-2.44119e-009
954.3,-3.108e-009
954.4,-3.77117e-009
954.5,-4.43043e-009
954.6,-5.08556e-009
954.7,-5.73629e-009
954.8,-6.38238e-009
954.9,-7.0236e-009
955,-7.6597e-009
955.1,-8.29044e-009
955.2,-8.9156e-009
955.3,-9.53494e-009
955.4,-1.01482e-008
955.5,-1.07553e-008
955.6,-1.13558e-008
955.7,-1.19496e-008
955.8,-1.25366e-008
955.9,-1.31164e-008
956,-1.36888e-008
956.1,-1.42537e-008
956.2,-1.48109e-008
956.3,-1.53602e-008
956.4,-1.59013e-008
956.5,-1.64341e-008
956.6,-1.69585e-008
956.7,-1.74741e-008
956.8,-1.7981e-008
956.9,-1.84788e-008
957,-1.89674e-008
957.1,-1.94466e-008
957.2,-1.99164e-008
957.3,-2.03765e-008
957.4,-2.08268e-008
957.5,-2.12672e-008
957.6,-2.16974e-008
957.7,-2.21175e-008
957.8,-2.25271e-008
957.9,-2.29263e-008
958,-2.33149e-008
958.1,-2.36928e-008
958.2,-2.40598e-008
958.3,-2.44158e-008
958.4,-2.47609e-008
958.5,-2.50947e-008
958.6,-2.54174e-008
958.7,-2.57287e-008
958.8,-2.60286e-008
958.9,-2.6317e-008
959,-2.65938e-008
959.1,-2.6859e-008
959.2,-2.71125e-008
959.3,-2.73543e-008
959.4,-2.75842e-008
959.5,-2.78023e-008
959.6,-2.80085e-008
959.7,-2.82027e-008
959.8,-2.83849e-008
959.9,-2.85552e-008
960,-2.87134e-008
960.1,-2.88595e-008
960.2,-2.89936e-008
960.3,-2.91156e-008
960.4,-2.92255e-008
960.5,-2.93233e-008
960.6,-2.94091e-008
960.7,-2.94827e-008
960.8,-2.95443e-008
960.9,-2.95939e-008
961,-2.96315e-008
961.1,-2.9657e-008
961.2,-2.96706e-008
961.3,-2.96723e-008
961.4,-2.96622e-008
961.5,-2.96402e-008
961.6,-2.96064e-008
961.7,-2.95609e-008
961.8,-2.95037e-008
961.9,-2.94349e-008
962,-2.93547e-008
962.1,-2.92629e-008
962.2,-2.91598e-008
962.3,-2.90454e-008
962.4,-2.89198e-008
962.5,-2.8783e-008
962.6,-2.86353e-008
962.7,-2.84766e-008
962.8,-2.83071e-008
962.9,-2.81269e-008
963,-2.79361e-008
963.1,-2.77348e-008
963.2,-2.75231e-008
963.3,-2.73012e-008
963.4,-2.70692e-008
963.5,-2.68272e-008
963.6,-2.65753e-008
963.7,-2.63137e-008
963.8,-2.60425e-008
963.9,-2.57619e-008
964,-2.54719e-008
964.1,-2.51729e-008
964.2,-2.48648e-008
964.3,-2.45479e-008
964.4,-2.42223e-008
964.5,-2.38882e-008
964.6,-2.35458e-008
964.7,-2.31951e-008
964.8,-2.28365e-008
964.9,-2.247e-008
965,-2.20958e-008
965.1,-2.17142e-008
965.2,-2.13252e-008
965.3,-2.09291e-008
965.4,-2.05261e-008
965.5,-2.01163e-008
965.6,-1.96999e-008
965.7,-1.92771e-008
965.8,-1.88482e-008
965.9,-1.84133e-008
966,-1.79725e-008
966.1,-1.75262e-008
966.2,-1.70744e-008
966.3,-1.66175e-008
966.4,-1.61555e-008
966.5,-1.56888e-008
966.6,-1.52174e-008
966.7,-1.47417e-008
966.8,-1.42618e-008
966.9,-1.37779e-008
967,-1.32902e-008
967.1,-1.2799e-008
967.2,-1.23044e-008
967.3,-1.18067e-008
967.4,-1.13061e-008
967.5,-1.08027e-008
967.6,-1.02968e-008
967.7,-9.78866e-009
967.8,-9.2784e-009
967.9,-8.76627e-009
968,-8.25247e-009
968.1,-7.73723e-009
968.2,-7.22074e-009
968.3,-6.70322e-009
968.4,-6.18488e-009
968.5,-5.66594e-009
968.6,-5.1466e-009
968.7,-4.62707e-009
968.8,-4.10756e-009
968.9,-3.58827e-009
969,-3.06942e-009
969.1,-2.55121e-009
969.2,-2.03385e-009
969.3,-1.51753e-009
969.4,-1.00247e-009
969.5,-4.88859e-010
969.6,2.30982e-011
969.7,5.33203e-010
969.8,1.04126e-009
969.9,1.54707e-009
970,2.05044e-009
970.1,2.55118e-009
970.2,3.04909e-009
970.3,3.54399e-009
970.4,4.0357e-009
970.5,4.52402e-009
970.6,5.00877e-009
970.7,5.48977e-009
970.8,5.96684e-009
970.9,6.43982e-009
971,6.90851e-009
971.1,7.37275e-009
971.2,7.83237e-009
971.3,8.2872e-009
971.4,8.73709e-009
971.5,9.18185e-009
971.6,9.62135e-009
971.7,1.00554e-008
971.8,1.04839e-008
971.9,1.09066e-008
972,1.13235e-008
972.1,1.17343e-008
972.2,1.2139e-008
972.3,1.25373e-008
972.4,1.29292e-008
972.5,1.33145e-008
972.6,1.36931e-008
972.7,1.40649e-008
972.8,1.44297e-008
972.9,1.47874e-008
973,1.51379e-008
973.1,1.54811e-008
973.2,1.58168e-008
973.3,1.6145e-008
973.4,1.64656e-008
973.5,1.67785e-008
973.6,1.70835e-008
973.7,1.73806e-008
973.8,1.76696e-008
973.9,1.79506e-008
974,1.82233e-008
974.1,1.84878e-008
974.2,1.87439e-008
974.3,1.89916e-008
974.4,1.92309e-008
974.5,1.94615e-008
974.6,1.96836e-008
974.7,1.9897e-008
974.8,2.01017e-008
974.9,2.02975e-008
975,2.04846e-008
975.1,2.06628e-008
975.2,2.08321e-008
975.3,2.09924e-008
975.4,2.11438e-008
975.5,2.12861e-008
975.6,2.14195e-008
975.7,2.15438e-008
975.8,2.1659e-008
975.9,2.17651e-008
976,2.18622e-008
976.1,2.19502e-008
976.2,2.2029e-008
976.3,2.20988e-008
976.4,2.21595e-008
976.5,2.22111e-008
976.6,2.22536e-008
976.7,2.22871e-008
976.8,2.23115e-008
976.9,2.23269e-008
977,2.23334e-008
977.1,2.23309e-008
977.2,2.23194e-008
977.3,2.22991e-008
977.4,2.22699e-008
977.5,2.2232e-008
977.6,2.21852e-008
977.7,2.21298e-008
977.8,2.20657e-008
977.9,2.1993e-008
978,2.19118e-008
978.1,2.18221e-008
978.2,2.1724e-008
978.3,2.16176e-008
978.4,2.15029e-008
978.5,2.138e-008
978.6,2.1249e-008
978.7,2.11099e-008
978.8,2.0963e-008
978.9,2.08082e-008
979,2.06456e-008
979.1,2.04753e-008
979.2,2.02975e-008
979.3,2.01121e-008
979.4,1.99194e-008
979.5,1.97195e-008
979.6,1.95123e-008
979.7,1.92981e-008
979.8,1.9077e-008
979.9,1.8849e-008
980,1.86143e-008
980.1,1.8373e-008
980.2,1.81252e-008
980.3,1.78711e-008
980.4,1.76107e-008
980.5,1.73442e-008
980.6,1.70718e-008
980.7,1.67935e-008
980.8,1.65094e-008
980.9,1.62198e-008
981,1.59248e-008
981.1,1.56244e-008
981.2,1.53189e-008
981.3,1.50084e-008
981.4,1.46929e-008
981.5,1.43727e-008
981.6,1.4048e-008
981.7,1.37187e-008
981.8,1.33852e-008
981.9,1.30475e-008
982,1.27058e-008
982.1,1.23603e-008
982.2,1.20111e-008
982.3,1.16583e-008
982.4,1.13021e-008
982.5,1.09427e-008
982.6,1.05802e-008
982.7,1.02148e-008
982.8,9.84656e-009
982.9,9.47575e-009
983,9.10248e-009
983.1,8.72692e-009
983.2,8.34922e-009
983.3,7.96954e-009
983.4,7.58804e-009
983.5,7.20487e-009
983.6,6.8202e-009
983.7,6.43419e-009
983.8,6.047e-009
983.9,5.65878e-009
984,5.2697e-009
984.1,4.8799e-009
984.2,4.48956e-009
984.3,4.09883e-009
984.4,3.70787e-009
984.5,3.31683e-009
984.6,2.92587e-009
984.7,2.53515e-009
984.8,2.14482e-009
984.9,1.75503e-009
985,1.36595e-009
985.1,9.77727e-010
985.2,5.90506e-010
985.3,2.04444e-010
985.4,-1.8031e-010
985.5,-5.63607e-010
985.6,-9.45299e-010
985.7,-1.32524e-009
985.8,-1.70328e-009
985.9,-2.07928e-009
986,-2.45309e-009
986.1,-2.82458e-009
986.2,-3.1936e-009
986.3,-3.56001e-009
986.4,-3.92369e-009
986.5,-4.28448e-009
986.6,-4.64226e-009
986.7,-4.99689e-009
986.8,-5.34825e-009
986.9,-5.69621e-009
987,-6.04063e-009
987.1,-6.3814e-009
987.2,-6.71839e-009
987.3,-7.05147e-009
987.4,-7.38054e-009
987.5,-7.70547e-009
987.6,-8.02615e-009
987.7,-8.34247e-009
987.8,-8.65431e-009
987.9,-8.96156e-009
988,-9.26412e-009
988.1,-9.56189e-009
988.2,-9.85476e-009
988.3,-1.01426e-008
988.4,-1.04254e-008
988.5,-1.0703e-008
988.6,-1.09753e-008
988.7,-1.12423e-008
988.8,-1.15038e-008
988.9,-1.17597e-008
989,-1.201e-008
989.1,-1.22546e-008
989.2,-1.24935e-008
989.3,-1.27264e-008
989.4,-1.29535e-008
989.5,-1.31745e-008
989.6,-1.33895e-008
989.7,-1.35983e-008
989.8,-1.3801e-008
989.9,-1.39974e-008
990,-1.41875e-008
990.1,-1.43713e-008
990.2,-1.45486e-008
990.3,-1.47195e-008
990.4,-1.48838e-008
990.5,-1.50417e-008
990.6,-1.51929e-008
990.7,-1.53375e-008
990.8,-1.54755e-008
990.9,-1.56068e-008
991,-1.57313e-008
991.1,-1.58492e-008
991.2,-1.59602e-008
991.3,-1.60645e-008
991.4,-1.6162e-008
991.5,-1.62526e-008
991.6,-1.63364e-008
991.7,-1.64134e-008
991.8,-1.64836e-008
991.9,-1.65469e-008
992,-1.66033e-008
992.1,-1.6653e-008
992.2,-1.66957e-008
992.3,-1.67317e-008
992.4,-1.67608e-008
992.5,-1.67831e-008
992.6,-1.67986e-008
992.7,-1.68074e-008
992.8,-1.68093e-008
992.9,-1.68046e-008
993,-1.67932e-008
993.1,-1.6775e-008
993.2,-1.67503e-008
993.3,-1.67189e-008
993.4,-1.66809e-008
993.5,-1.66364e-008
993.6,-1.65854e-008
993.7,-1.6528e-008
993.8,-1.64642e-008
993.9,-1.6394e-008
994,-1.63175e-008
994.1,-1.62347e-008
994.2,-1.61458e-008
994.3,-1.60507e-008
994.4,-1.59495e-008
994.5,-1.58423e-008
994.6,-1.57292e-008
994.7,-1.56102e-008
994.8,-1.54854e-008
994.9,-1.53548e-008
995,-1.52185e-008
995.1,-1.50767e-008
995.2,-1.49293e-008
995.3,-1.47765e-008
995.4,-1.46183e-008
995.5,-1.44549e-008
995.6,-1.42863e-008
995.7,-1.41125e-008
995.8,-1.39338e-008
995.9,-1.37501e-008
996,-1.35615e-008
996.1,-1.33682e-008
996.2,-1.31703e-008
996.3,-1.29678e-008
996.4,-1.27609e-008
996.5,-1.25496e-008
996.6,-1.2334e-008
996.7,-1.21143e-008
996.8,-1.18905e-008
996.9,-1.16628e-008
997,-1.14312e-008
997.1,-1.11959e-008
997.2,-1.0957e-008
997.3,-1.07145e-008
997.4,-1.04686e-008
997.5,-1.02194e-008
997.6,-9.96707e-009
997.7,-9.71163e-009
997.8,-9.45321e-009
997.9,-9.19195e-009
998,-8.92795e-009
998.1,-8.66133e-009
998.2,-8.3922e-009
998.3,-8.12068e-009
998.4,-7.8469e-009
998.5,-7.57096e-009
998.6,-7.29299e-009
998.7,-7.0131e-009
998.8,-6.73141e-009
998.9,-6.44804e-009
999,-6.16312e-009
999.1,-5.87675e-009
999.2,-5.58907e-009
999.3,-5.30018e-009
999.4,-5.01022e-009
999.5,-4.7193e-009
999.6,-4.42753e-009
999.7,-4.13504e-009
999.8,-3.84196e-009
999.9,-3.54839e-009
